name,bus,p_nom,carrier,marginal_cost,control,build_year,min_up_time,min_down_time,up_time_before,down_time_before,p_nom_opt
1 Gas,3,121.0,Gas,8.0,Slack,0,0,0,1,0,121.0
1 Hard Coal,3,272.0,Hard Coal,25.0,PV,0,0,0,1,0,272.0
102 Gas,12,67.9,Gas,8.0,PV,0,0,0,1,0,67.9
108 Run of River,0,63.1,Run of River,3.0,PV,0,0,0,1,0,63.1
108 Waste,0,38.0,Waste,6.0,PV,0,0,0,1,0,38.0
111 Gas,9,13.5,Gas,8.0,PV,0,0,0,1,0,13.5
112 Gas,9,13.5,Gas,8.0,PV,0,0,0,1,0,13.5
112 Run of River,9,11.1,Run of River,3.0,PV,0,0,0,1,0,11.1
114 Hard Coal,9,19.0,Hard Coal,25.0,PV,0,0,0,1,0,19.0
115 Brown Coal,0,4730.0,Brown Coal,10.0,PV,0,0,0,1,0,4730.0
116 Gas,0,543.3,Gas,8.0,PV,0,0,0,1,0,543.3
118 Gas,0,95.0,Gas,8.0,PV,0,0,0,1,0,95.0
118 Waste,0,12.0,Waste,6.0,PV,0,0,0,1,0,12.0
119 Brown Coal,0,9.3,Brown Coal,10.0,PV,0,0,0,1,0,9.3
119 Gas,0,16.9,Gas,8.0,PV,0,0,0,1,0,16.9
119 Hard Coal,0,61.5,Hard Coal,25.0,PV,0,0,0,1,0,61.5
121 Brown Coal,0,24.6,Brown Coal,10.0,PV,0,0,0,1,0,24.6
123_220kV Brown Coal,0,3455.0,Brown Coal,10.0,PV,0,0,0,1,0,3455.0
123_220kV Gas,0,96.5,Gas,8.0,PV,0,0,0,1,0,96.5
126 Gas,0,2.0,Gas,8.0,PV,0,0,0,1,0,2.0
126 Oil,0,60.0,Oil,100.0,PV,0,0,0,1,0,60.0
127 Brown Coal,0,1800.0,Brown Coal,10.0,PV,0,0,0,1,0,1800.0
127 Waste,0,24.0,Waste,6.0,PV,0,0,0,1,0,24.0
128_220kV Run of River,11,36.4,Run of River,3.0,PV,0,0,0,1,0,36.4
129_220kV Hard Coal,0,61.5,Hard Coal,25.0,PV,0,0,0,1,0,61.5
12_220kV Gas,5,150.0,Gas,8.0,PV,0,0,0,1,0,150.0
12_220kV Waste,5,30.0,Waste,6.0,PV,0,0,0,1,0,30.0
130 Hard Coal,0,85.0,Hard Coal,25.0,PV,0,0,0,1,0,85.0
130 Waste,0,30.0,Waste,6.0,PV,0,0,0,1,0,30.0
131 Gas,0,586.3,Gas,8.0,PV,0,0,0,1,0,586.3
132 Storage Hydro,0,29.0,Storage Hydro,3.0,PV,0,0,0,1,0,29.0
133 Brown Coal,0,137.0,Brown Coal,10.0,PV,0,0,0,1,0,137.0
133 Waste,0,33.4,Waste,6.0,PV,0,0,0,1,0,33.4
134 Brown Coal,0,118.0,Brown Coal,10.0,PV,0,0,0,1,0,118.0
136 Gas,9,838.0,Gas,8.0,PV,0,0,0,1,0,838.0
136 Hard Coal,9,765.0,Hard Coal,25.0,PV,0,0,0,1,0,765.0
137 Gas,0,11.4,Gas,8.0,PV,0,0,0,1,0,11.4
139 Hard Coal,0,760.0,Hard Coal,25.0,PV,0,0,0,1,0,760.0
14 Run of River,8,27.0,Run of River,3.0,PV,0,0,0,1,0,27.0
140 Gas,9,11.1,Gas,8.0,PV,0,0,0,1,0,11.1
141 Gas,9,64.7,Gas,8.0,PV,0,0,0,1,0,64.7
142 Gas,0,9.8,Gas,8.0,PV,0,0,0,1,0,9.8
142 Hard Coal,0,449.0,Hard Coal,25.0,PV,0,0,0,1,0,449.0
145 Brown Coal,0,75.3,Brown Coal,10.0,PV,0,0,0,1,0,75.3
145 Gas,0,536.5,Gas,8.0,PV,0,0,0,1,0,536.5
145 Other,0,79.8,Other,32.0,PV,0,0,0,1,0,79.8
145 Waste,0,45.1,Waste,6.0,PV,0,0,0,1,0,45.1
146 Gas,0,84.0,Gas,8.0,PV,0,0,0,1,0,84.0
147 Gas,9,230.0,Gas,8.0,PV,0,0,0,1,0,230.0
148 Gas,0,10.2,Gas,8.0,PV,0,0,0,1,0,10.2
148 Oil,0,86.2,Oil,100.0,PV,0,0,0,1,0,86.2
148 Waste,0,53.7,Waste,6.0,PV,0,0,0,1,0,53.7
149 Run of River,0,128.7,Run of River,3.0,PV,0,0,0,1,0,128.7
150 Gas,0,15.8,Gas,8.0,PV,0,0,0,1,0,15.8
153 Waste,0,12.0,Waste,6.0,PV,0,0,0,1,0,12.0
155 Waste,9,12.6,Waste,6.0,PV,0,0,0,1,0,12.6
156_220kV Brown Coal,0,28.9,Brown Coal,10.0,PV,0,0,0,1,0,28.9
157_220kV Brown Coal,9,857.0,Brown Coal,10.0,PV,0,0,0,1,0,857.0
157_220kV Gas,9,22.0,Gas,8.0,PV,0,0,0,1,0,22.0
16 Gas,3,11.4,Gas,8.0,PV,0,0,0,1,0,11.4
160_220kV Hard Coal,13,103.0,Hard Coal,25.0,PV,0,0,0,1,0,103.0
160_220kV Waste,13,14.0,Waste,6.0,PV,0,0,0,1,0,14.0
161 Gas,13,58.58,Gas,8.0,PV,0,0,0,1,0,58.58
166 Gas,9,333.6,Gas,8.0,PV,0,0,0,1,0,333.6
166 Hard Coal,9,1324.5,Hard Coal,25.0,PV,0,0,0,1,0,1324.5
167 Gas,9,26.0,Gas,8.0,PV,0,0,0,1,0,26.0
167 Run of River,9,46.9,Run of River,3.0,PV,0,0,0,1,0,46.9
169 Gas,0,33.7,Gas,8.0,PV,0,0,0,1,0,33.7
170 Gas,0,23.1,Gas,8.0,PV,0,0,0,1,0,23.1
170 Waste,0,61.5,Waste,6.0,PV,0,0,0,1,0,61.5
174 Gas,0,24.5,Gas,8.0,PV,0,0,0,1,0,24.5
174 Other,0,38.0,Other,32.0,PV,0,0,0,1,0,38.0
175 Hard Coal,0,95.0,Hard Coal,25.0,PV,0,0,0,1,0,95.0
175 Other,0,21.0,Other,32.0,PV,0,0,0,1,0,21.0
176 Gas,0,3.3,Gas,8.0,PV,0,0,0,1,0,3.3
177 Multiple,12,32.7,Multiple,28.0,PV,0,0,0,1,0,32.7
178 Gas,9,9.2,Gas,8.0,PV,0,0,0,1,0,9.2
178 Storage Hydro,9,15.0,Storage Hydro,3.0,PV,0,0,0,1,0,15.0
180 Gas,5,25.4,Gas,8.0,PV,0,0,0,1,0,25.4
180 Oil,5,333.5,Oil,100.0,PV,0,0,0,1,0,333.5
180 Waste,5,28.9,Waste,6.0,PV,0,0,0,1,0,28.9
183 Gas,6,22.5,Gas,8.0,PV,0,0,0,1,0,22.5
183 Hard Coal,6,766.0,Hard Coal,25.0,PV,0,0,0,1,0,766.0
183 Oil,6,38.0,Oil,100.0,PV,0,0,0,1,0,38.0
183 Waste,6,24.0,Waste,6.0,PV,0,0,0,1,0,24.0
184_220kV Gas,0,22.3,Gas,8.0,PV,0,0,0,1,0,22.3
185 Waste,0,33.1,Waste,6.0,PV,0,0,0,1,0,33.1
188 Gas,0,274.0,Gas,8.0,PV,0,0,0,1,0,274.0
18_220kV Gas,12,52.8,Gas,8.0,PV,0,0,0,1,0,52.8
19 Gas,2,10.6,Gas,8.0,PV,0,0,0,1,0,10.6
19 Hard Coal,2,370.0,Hard Coal,25.0,PV,0,0,0,1,0,370.0
190 Gas,7,13.4,Gas,8.0,PV,0,0,0,1,0,13.4
194 Hard Coal,0,1017.0,Hard Coal,25.0,PV,0,0,0,1,0,1017.0
196 Hard Coal,0,695.0,Hard Coal,25.0,PV,0,0,0,1,0,695.0
196 Other,0,700.0,Other,32.0,PV,0,0,0,1,0,700.0
197 Run of River,0,40.1,Run of River,3.0,PV,0,0,0,1,0,40.1
198 Gas,9,15.0,Gas,8.0,PV,0,0,0,1,0,15.0
200 Brown Coal,0,27.5,Brown Coal,10.0,PV,0,0,0,1,0,27.5
200 Gas,0,7.4,Gas,8.0,PV,0,0,0,1,0,7.4
201_220kV Gas,6,58.1,Gas,8.0,PV,0,0,0,1,0,58.1
202 Gas,9,1870.1,Gas,8.0,PV,0,0,0,1,0,1870.1
202 Nuclear,9,1329.0,Nuclear,80.0,PV,0,0,0,1,0,1329.0
203 Gas,0,20.5,Gas,8.0,PV,0,0,0,1,0,20.5
204 Hard Coal,9,310.0,Hard Coal,25.0,PV,0,0,0,1,0,310.0
205 Gas,9,417.0,Gas,8.0,PV,0,0,0,1,0,417.0
209 Hard Coal,3,26.0,Hard Coal,25.0,PV,0,0,0,1,0,26.0
21 Gas,6,127.0,Gas,8.0,PV,0,0,0,1,0,127.0
21 Hard Coal,6,194.0,Hard Coal,25.0,PV,0,0,0,1,0,194.0
21 Waste,6,16.4,Waste,6.0,PV,0,0,0,1,0,16.4
210 Waste,3,14.7,Waste,6.0,PV,0,0,0,1,0,14.7
211 Hard Coal,11,721.0,Hard Coal,25.0,PV,0,0,0,1,0,721.0
211 Waste,11,11.6,Waste,6.0,PV,0,0,0,1,0,11.6
212 Run of River,11,24.0,Run of River,3.0,PV,0,0,0,1,0,24.0
213 Gas,4,104.6,Gas,8.0,PV,0,0,0,1,0,104.6
214 Gas,4,27.0,Gas,8.0,PV,0,0,0,1,0,27.0
215 Gas,4,47.2,Gas,8.0,PV,0,0,0,1,0,47.2
215 Waste,4,73.4,Waste,6.0,PV,0,0,0,1,0,73.4
217 Gas,12,108.0,Gas,8.0,PV,0,0,0,1,0,108.0
217 Hard Coal,12,508.0,Hard Coal,25.0,PV,0,0,0,1,0,508.0
217 Waste,12,17.0,Waste,6.0,PV,0,0,0,1,0,17.0
219 Gas,3,254.5,Gas,8.0,PV,0,0,0,1,0,254.5
219 Waste,3,34.0,Waste,6.0,PV,0,0,0,1,0,34.0
221 Geothermal,13,7.8,Geothermal,26.0,PV,0,0,0,1,0,7.8
222 Gas,13,99.0,Gas,8.0,PV,0,0,0,1,0,99.0
223 Gas,4,87.0,Gas,8.0,PV,0,0,0,1,0,87.0
224 Other,4,176.1,Other,32.0,PV,0,0,0,1,0,176.1
225 Gas,11,11.6,Gas,8.0,PV,0,0,0,1,0,11.6
225 Hard Coal,11,13.4,Hard Coal,25.0,PV,0,0,0,1,0,13.4
225 Waste,11,15.0,Waste,6.0,PV,0,0,0,1,0,15.0
226 Gas,3,20.0,Gas,8.0,PV,0,0,0,1,0,20.0
226 Run of River,3,0.1,Run of River,3.0,PV,0,0,0,1,0,0.1
227 Run of River,2,11.0,Run of River,3.0,PV,0,0,0,1,0,11.0
229 Gas,4,24.5,Gas,8.0,PV,0,0,0,1,0,24.5
229 Hard Coal,4,1958.0,Hard Coal,25.0,PV,0,0,0,1,0,1958.0
22_220kV Oil,6,298.5,Oil,100.0,PV,0,0,0,1,0,298.5
233_220kV Gas,2,4.0,Gas,8.0,PV,0,0,0,1,0,4.0
233_220kV Hard Coal,2,20.7,Hard Coal,25.0,PV,0,0,0,1,0,20.7
235 Other,7,19.7,Other,32.0,PV,0,0,0,1,0,19.7
238 Run of River,11,12.1,Run of River,3.0,PV,0,0,0,1,0,12.1
239 Gas,11,800.0,Gas,8.0,PV,0,0,0,1,0,800.0
240 Gas,4,126.0,Gas,8.0,PV,0,0,0,1,0,126.0
245 Hard Coal,4,61.5,Hard Coal,25.0,PV,0,0,0,1,0,61.5
246 Hard Coal,4,510.0,Hard Coal,25.0,PV,0,0,0,1,0,510.0
247_220kV Oil,2,34.5,Oil,100.0,PV,0,0,0,1,0,34.5
247_220kV Run of River,2,633.2,Run of River,3.0,PV,0,0,0,1,0,633.2
248_220kV Hard Coal,9,895.0,Hard Coal,25.0,PV,0,0,0,1,0,895.0
249 Waste,9,14.6,Waste,6.0,PV,0,0,0,1,0,14.6
250_220kV Other,9,396.6,Other,32.0,PV,0,0,0,1,0,396.6
254 Gas,11,10.7,Gas,8.0,PV,0,0,0,1,0,10.7
255 Run of River,11,84.8,Run of River,3.0,PV,0,0,0,1,0,84.8
258 Gas,3,32.0,Gas,8.0,PV,0,0,0,1,0,32.0
258 Other,3,28.0,Other,32.0,PV,0,0,0,1,0,28.0
260 Hard Coal,4,138.5,Hard Coal,25.0,PV,0,0,0,1,0,138.5
266 Gas,8,59.9,Gas,8.0,PV,0,0,0,1,0,59.9
266 Oil,8,92.8,Oil,100.0,PV,0,0,0,1,0,92.8
266 Run of River,8,214.0,Run of River,3.0,PV,0,0,0,1,0,214.0
266 Waste,8,9.0,Waste,6.0,PV,0,0,0,1,0,9.0
26_220kV Nuclear,6,1410.0,Nuclear,80.0,PV,0,0,0,1,0,1410.0
270 Gas,13,50.0,Gas,8.0,PV,0,0,0,1,0,50.0
275 Gas,11,42.0,Gas,8.0,PV,0,0,0,1,0,42.0
275 Other,11,100.0,Other,32.0,PV,0,0,0,1,0,100.0
275 Waste,11,12.5,Waste,6.0,PV,0,0,0,1,0,12.5
276 Hard Coal,11,110.0,Hard Coal,25.0,PV,0,0,0,1,0,110.0
276 Run of River,11,16.0,Run of River,3.0,PV,0,0,0,1,0,16.0
279_220kV Brown Coal,1,90.8,Brown Coal,10.0,PV,0,0,0,1,0,90.8
28 Hard Coal,6,260.0,Hard Coal,25.0,PV,0,0,0,1,0,260.0
28 Oil,6,101.0,Oil,100.0,PV,0,0,0,1,0,101.0
28 Run of River,6,311.8,Run of River,3.0,PV,0,0,0,1,0,311.8
281_220kV Gas,1,74.0,Gas,8.0,PV,0,0,0,1,0,74.0
282_220kV Oil,1,17.0,Oil,100.0,PV,0,0,0,1,0,17.0
285 Gas,13,18.1,Gas,8.0,PV,0,0,0,1,0,18.1
287 Gas,9,64.0,Gas,8.0,PV,0,0,0,1,0,64.0
288 Hard Coal,7,18.5,Hard Coal,25.0,PV,0,0,0,1,0,18.5
289 Gas,9,33.4,Gas,8.0,PV,0,0,0,1,0,33.4
289 Hard Coal,9,794.0,Hard Coal,25.0,PV,0,0,0,1,0,794.0
290 Waste,5,15.7,Waste,6.0,PV,0,0,0,1,0,15.7
291 Brown Coal,5,1105.0,Brown Coal,10.0,PV,0,0,0,1,0,1105.0
292_220kV Brown Coal,1,20.3,Brown Coal,10.0,PV,0,0,0,1,0,20.3
292_220kV Gas,1,216.0,Gas,8.0,PV,0,0,0,1,0,216.0
292_220kV Waste,1,59.0,Waste,6.0,PV,0,0,0,1,0,59.0
294 Gas,10,13.5,Gas,8.0,PV,0,0,0,1,0,13.5
294 Waste,10,11.2,Waste,6.0,PV,0,0,0,1,0,11.2
295 Gas,3,119.0,Gas,8.0,PV,0,0,0,1,0,119.0
295 Hard Coal,3,43.3,Hard Coal,25.0,PV,0,0,0,1,0,43.3
298 Gas,3,37.5,Gas,8.0,PV,0,0,0,1,0,37.5
299 Hard Coal,3,690.0,Hard Coal,25.0,PV,0,0,0,1,0,690.0
3 Run of River,3,18.8,Run of River,3.0,PV,0,0,0,1,0,18.8
301 Gas,3,13.0,Gas,8.0,PV,0,0,0,1,0,13.0
302 Brown Coal,3,33.5,Brown Coal,10.0,PV,0,0,0,1,0,33.5
302 Gas,3,128.0,Gas,8.0,PV,0,0,0,1,0,128.0
302 Other,3,56.0,Other,32.0,PV,0,0,0,1,0,56.0
302 Storage Hydro,3,79.0,Storage Hydro,3.0,PV,0,0,0,1,0,79.0
302 Waste,3,14.7,Waste,6.0,PV,0,0,0,1,0,14.7
304 Gas,10,34.2,Gas,8.0,PV,0,0,0,1,0,34.2
304 Oil,10,24.8,Oil,100.0,PV,0,0,0,1,0,24.8
305 Nuclear,4,1310.0,Nuclear,80.0,PV,0,0,0,1,0,1310.0
305 Oil,4,136.0,Oil,100.0,PV,0,0,0,1,0,136.0
308_220kV Gas,10,27.4,Gas,8.0,PV,0,0,0,1,0,27.4
308_220kV Nuclear,10,1275.0,Nuclear,80.0,PV,0,0,0,1,0,1275.0
30_220kV Run of River,6,3.0,Run of River,3.0,PV,0,0,0,1,0,3.0
31 Gas,3,195.4,Gas,8.0,PV,0,0,0,1,0,195.4
310 Hard Coal,4,778.0,Hard Coal,25.0,PV,0,0,0,1,0,778.0
313 Brown Coal,1,875.0,Brown Coal,10.0,PV,0,0,0,1,0,875.0
315_220kV Run of River,2,77.4,Run of River,3.0,PV,0,0,0,1,0,77.4
316 Gas,2,75.8,Gas,8.0,PV,0,0,0,1,0,75.8
316 Waste,2,10.0,Waste,6.0,PV,0,0,0,1,0,10.0
318 Run of River,2,62.7,Run of River,3.0,PV,0,0,0,1,0,62.7
320 Gas,4,9.8,Gas,8.0,PV,0,0,0,1,0,9.8
321 Gas,7,0.2,Gas,8.0,PV,0,0,0,1,0,0.2
321 Waste,7,13.6,Waste,6.0,PV,0,0,0,1,0,13.6
322_220kV Gas,7,85.1,Gas,8.0,PV,0,0,0,1,0,85.1
323 Gas,1,12.9,Gas,8.0,PV,0,0,0,1,0,12.9
326 Gas,5,319.8,Gas,8.0,PV,0,0,0,1,0,319.8
327 Gas,5,26.9,Gas,8.0,PV,0,0,0,1,0,26.9
328 Run of River,8,36.5,Run of River,3.0,PV,0,0,0,1,0,36.5
329 Run of River,8,50.0,Run of River,3.0,PV,0,0,0,1,0,50.0
329 Storage Hydro,8,500.0,Storage Hydro,3.0,PV,0,0,0,1,0,500.0
32_220kV Gas,1,109.1,Gas,8.0,PV,0,0,0,1,0,109.1
33 Gas,10,31.8,Gas,8.0,PV,0,0,0,1,0,31.8
330 Nuclear,8,1410.0,Nuclear,80.0,PV,0,0,0,1,0,1410.0
330 Run of River,8,35.8,Run of River,3.0,PV,0,0,0,1,0,35.8
331 Gas,8,227.0,Gas,8.0,PV,0,0,0,1,0,227.0
331 Run of River,8,217.5,Run of River,3.0,PV,0,0,0,1,0,217.5
331 Waste,8,12.5,Waste,6.0,PV,0,0,0,1,0,12.5
332_220kV Gas,8,97.9,Gas,8.0,PV,0,0,0,1,0,97.9
332_220kV Run of River,8,25.2,Run of River,3.0,PV,0,0,0,1,0,25.2
335 Gas,10,54.0,Gas,8.0,PV,0,0,0,1,0,54.0
336_220kV Gas,10,52.8,Gas,8.0,PV,0,0,0,1,0,52.8
336_220kV Run of River,10,89.0,Run of River,3.0,PV,0,0,0,1,0,89.0
337 Gas,8,13.4,Gas,8.0,PV,0,0,0,1,0,13.4
337 Run of River,8,80.1,Run of River,3.0,PV,0,0,0,1,0,80.1
338_220kV Waste,8,54.0,Waste,6.0,PV,0,0,0,1,0,54.0
34 Hard Coal,13,757.0,Hard Coal,25.0,PV,0,0,0,1,0,757.0
34 Oil,13,56.0,Oil,100.0,PV,0,0,0,1,0,56.0
340 Gas,1,299.6,Gas,8.0,PV,0,0,0,1,0,299.6
340 Storage Hydro,1,82.5,Storage Hydro,3.0,PV,0,0,0,1,0,82.5
341 Brown Coal,1,134.0,Brown Coal,10.0,PV,0,0,0,1,0,134.0
341 Gas,1,159.0,Gas,8.0,PV,0,0,0,1,0,159.0
341 Oil,1,111.0,Oil,100.0,PV,0,0,0,1,0,111.0
341 Other,1,42.7,Other,32.0,PV,0,0,0,1,0,42.7
341 Waste,1,58.0,Waste,6.0,PV,0,0,0,1,0,58.0
342 Gas,1,19.5,Gas,8.0,PV,0,0,0,1,0,19.5
344 Gas,1,69.95,Gas,8.0,PV,0,0,0,1,0,69.95
347 Gas,5,211.0,Gas,8.0,PV,0,0,0,1,0,211.0
347 Hard Coal,5,89.0,Hard Coal,25.0,PV,0,0,0,1,0,89.0
347 Oil,5,327.0,Oil,100.0,PV,0,0,0,1,0,327.0
348 Gas,5,458.9,Gas,8.0,PV,0,0,0,1,0,458.9
350 Gas,10,18.6,Gas,8.0,PV,0,0,0,1,0,18.6
351_220kV Other,8,23.3,Other,32.0,PV,0,0,0,1,0,23.3
351_220kV Run of River,8,63.7,Run of River,3.0,PV,0,0,0,1,0,63.7
351_220kV Waste,8,25.5,Waste,6.0,PV,0,0,0,1,0,25.5
352 Hard Coal,8,472.0,Hard Coal,25.0,PV,0,0,0,1,0,472.0
352 Oil,8,46.0,Oil,100.0,PV,0,0,0,1,0,46.0
352 Run of River,8,73.3,Run of River,3.0,PV,0,0,0,1,0,73.3
353_220kV Gas,8,1391.0,Gas,8.0,PV,0,0,0,1,0,1391.0
353_220kV Run of River,8,23.3,Run of River,3.0,PV,0,0,0,1,0,23.3
354 Gas,8,540.5,Gas,8.0,PV,0,0,0,1,0,540.5
354 Hard Coal,8,333.0,Hard Coal,25.0,PV,0,0,0,1,0,333.0
354 Waste,8,40.0,Waste,6.0,PV,0,0,0,1,0,40.0
358 Hard Coal,11,318.0,Hard Coal,25.0,PV,0,0,0,1,0,318.0
36 Gas,13,11.06,Gas,8.0,PV,0,0,0,1,0,11.06
36 Hard Coal,13,280.0,Hard Coal,25.0,PV,0,0,0,1,0,280.0
360_220kV Gas,11,42.0,Gas,8.0,PV,0,0,0,1,0,42.0
360_220kV Hard Coal,11,779.0,Hard Coal,25.0,PV,0,0,0,1,0,779.0
360_220kV Waste,11,16.0,Waste,6.0,PV,0,0,0,1,0,16.0
362_220kV Run of River,7,79.5,Run of River,3.0,PV,0,0,0,1,0,79.5
363 Other,9,16.0,Other,32.0,PV,0,0,0,1,0,16.0
364 Waste,0,11.6,Waste,6.0,PV,0,0,0,1,0,11.6
365 Gas,5,81.8,Gas,8.0,PV,0,0,0,1,0,81.8
365 Hard Coal,5,688.0,Hard Coal,25.0,PV,0,0,0,1,0,688.0
365 Waste,5,36.0,Waste,6.0,PV,0,0,0,1,0,36.0
367 Nuclear,4,1402.0,Nuclear,80.0,PV,0,0,0,1,0,1402.0
370 Brown Coal,11,56.8,Brown Coal,10.0,PV,0,0,0,1,0,56.8
370 Other,11,85.0,Other,32.0,PV,0,0,0,1,0,85.0
373 Run of River,8,25.0,Run of River,3.0,PV,0,0,0,1,0,25.0
374 Gas,9,100.2,Gas,8.0,PV,0,0,0,1,0,100.2
374 Hard Coal,9,725.0,Hard Coal,25.0,PV,0,0,0,1,0,725.0
376 Geothermal,3,0.6,Geothermal,26.0,PV,0,0,0,1,0,0.6
376 Hard Coal,3,875.0,Hard Coal,25.0,PV,0,0,0,1,0,875.0
377 Waste,2,11.0,Waste,6.0,PV,0,0,0,1,0,11.0
378 Gas,4,260.44,Gas,8.0,PV,0,0,0,1,0,260.44
378 Hard Coal,4,769.0,Hard Coal,25.0,PV,0,0,0,1,0,769.0
37_220kV Gas,1,52.0,Gas,8.0,PV,0,0,0,1,0,52.0
37_220kV Nuclear,1,1360.0,Nuclear,80.0,PV,0,0,0,1,0,1360.0
37_220kV Waste,1,58.4,Waste,6.0,PV,0,0,0,1,0,58.4
380 Gas,3,250.0,Gas,8.0,PV,0,0,0,1,0,250.0
380 Waste,3,22.5,Waste,6.0,PV,0,0,0,1,0,22.5
382_220kV Gas,10,122.0,Gas,8.0,PV,0,0,0,1,0,122.0
382_220kV Waste,10,20.7,Waste,6.0,PV,0,0,0,1,0,20.7
383 Waste,10,24.4,Waste,6.0,PV,0,0,0,1,0,24.4
385_220kV Gas,4,58.4,Gas,8.0,PV,0,0,0,1,0,58.4
385_220kV Hard Coal,4,24.8,Hard Coal,25.0,PV,0,0,0,1,0,24.8
385_220kV Oil,4,0.5,Oil,100.0,PV,0,0,0,1,0,0.5
386 Gas,3,23.0,Gas,8.0,PV,0,0,0,1,0,23.0
39 Gas,1,2299.3,Gas,8.0,PV,0,0,0,1,0,2299.3
390 Gas,10,1001.3,Gas,8.0,PV,0,0,0,1,0,1001.3
390 Hard Coal,10,17.4,Hard Coal,25.0,PV,0,0,0,1,0,17.4
390 Waste,10,18.0,Waste,6.0,PV,0,0,0,1,0,18.0
394 Gas,2,26.5,Gas,8.0,PV,0,0,0,1,0,26.5
395 Gas,2,490.0,Gas,8.0,PV,0,0,0,1,0,490.0
396 Nuclear,2,2572.0,Nuclear,80.0,PV,0,0,0,1,0,2572.0
398 Oil,6,87.0,Oil,100.0,PV,0,0,0,1,0,87.0
399 Gas,4,35.1,Gas,8.0,PV,0,0,0,1,0,35.1
399 Waste,4,9.5,Waste,6.0,PV,0,0,0,1,0,9.5
40 Run of River,12,48.0,Run of River,3.0,PV,0,0,0,1,0,48.0
401 Gas,6,31.0,Gas,8.0,PV,0,0,0,1,0,31.0
402 Oil,6,88.0,Oil,100.0,PV,0,0,0,1,0,88.0
402 Run of River,6,60.0,Run of River,3.0,PV,0,0,0,1,0,60.0
402 Storage Hydro,6,158.0,Storage Hydro,3.0,PV,0,0,0,1,0,158.0
403_220kV Run of River,7,19.0,Run of River,3.0,PV,0,0,0,1,0,19.0
404_220kV Run of River,7,24.0,Run of River,3.0,PV,0,0,0,1,0,24.0
405 Gas,7,56.0,Gas,8.0,PV,0,0,0,1,0,56.0
405 Run of River,7,84.6,Run of River,3.0,PV,0,0,0,1,0,84.6
409 Gas,4,8.5,Gas,8.0,PV,0,0,0,1,0,8.5
409 Hard Coal,4,112.6,Hard Coal,25.0,PV,0,0,0,1,0,112.6
409 Oil,4,69.9,Oil,100.0,PV,0,0,0,1,0,69.9
409 Waste,4,19.5,Waste,6.0,PV,0,0,0,1,0,19.5
410 Run of River,2,20.1,Run of River,3.0,PV,0,0,0,1,0,20.1
414 Gas,6,193.7,Gas,8.0,PV,0,0,0,1,0,193.7
417 Run of River,8,137.3,Run of River,3.0,PV,0,0,0,1,0,137.3
418 Run of River,8,66.0,Run of River,3.0,PV,0,0,0,1,0,66.0
421_220kV Waste,4,67.3,Waste,6.0,PV,0,0,0,1,0,67.3
422 Gas,4,13.5,Gas,8.0,PV,0,0,0,1,0,13.5
423 Run of River,7,36.8,Run of River,3.0,PV,0,0,0,1,0,36.8
424 Oil,4,70.0,Oil,100.0,PV,0,0,0,1,0,70.0
425 Other,3,288.5,Other,32.0,PV,0,0,0,1,0,288.5
426 Gas,3,32.4,Gas,8.0,PV,0,0,0,1,0,32.4
428 Brown Coal,5,74.0,Brown Coal,10.0,PV,0,0,0,1,0,74.0
429 Gas,0,112.1,Gas,8.0,PV,0,0,0,1,0,112.1
429 Hard Coal,0,12.0,Hard Coal,25.0,PV,0,0,0,1,0,12.0
43 Gas,1,196.0,Gas,8.0,PV,0,0,0,1,0,196.0
43 Waste,1,17.0,Waste,6.0,PV,0,0,0,1,0,17.0
430 Brown Coal,0,38.5,Brown Coal,10.0,PV,0,0,0,1,0,38.5
433 Gas,2,15.6,Gas,8.0,PV,0,0,0,1,0,15.6
434 Run of River,2,12.8,Run of River,3.0,PV,0,0,0,1,0,12.8
434 Storage Hydro,2,124.0,Storage Hydro,3.0,PV,0,0,0,1,0,124.0
435 Brown Coal,5,164.0,Brown Coal,10.0,PV,0,0,0,1,0,164.0
438 Run of River,4,146.0,Run of River,3.0,PV,0,0,0,1,0,146.0
439 Gas,4,11.7,Gas,8.0,PV,0,0,0,1,0,11.7
44 Waste,5,26.0,Waste,6.0,PV,0,0,0,1,0,26.0
440 Other,6,17.0,Other,32.0,PV,0,0,0,1,0,17.0
441 Gas,1,182.0,Gas,8.0,PV,0,0,0,1,0,182.0
441 Hard Coal,1,61.5,Hard Coal,25.0,PV,0,0,0,1,0,61.5
442 Gas,1,26.5,Gas,8.0,PV,0,0,0,1,0,26.5
444 Gas,13,430.0,Gas,8.0,PV,0,0,0,1,0,430.0
445 Run of River,9,217.1,Run of River,3.0,PV,0,0,0,1,0,217.1
446 Gas,12,14.7,Gas,8.0,PV,0,0,0,1,0,14.7
447 Gas,12,75.0,Gas,8.0,PV,0,0,0,1,0,75.0
45 Gas,5,296.0,Gas,8.0,PV,0,0,0,1,0,296.0
45 Geothermal,5,23.1,Geothermal,26.0,PV,0,0,0,1,0,23.1
451 Run of River,9,104.4,Run of River,3.0,PV,0,0,0,1,0,104.4
453 Run of River,11,30.0,Run of River,3.0,PV,0,0,0,1,0,30.0
455 Gas,0,16.9,Gas,8.0,PV,0,0,0,1,0,16.9
456 Run of River,0,0.1,Run of River,3.0,PV,0,0,0,1,0,0.1
457 Waste,0,29.6,Waste,6.0,PV,0,0,0,1,0,29.6
463 Gas,0,25.8,Gas,8.0,PV,0,0,0,1,0,25.8
464 Gas,0,51.9,Gas,8.0,PV,0,0,0,1,0,51.9
464 Oil,0,66.3,Oil,100.0,PV,0,0,0,1,0,66.3
464 Run of River,0,25.4,Run of River,3.0,PV,0,0,0,1,0,25.4
465 Gas,0,35.0,Gas,8.0,PV,0,0,0,1,0,35.0
465 Oil,0,80.0,Oil,100.0,PV,0,0,0,1,0,80.0
468 Gas,0,17.5,Gas,8.0,PV,0,0,0,1,0,17.5
468 Hard Coal,0,79.0,Hard Coal,25.0,PV,0,0,0,1,0,79.0
468 Oil,0,4.8,Oil,100.0,PV,0,0,0,1,0,4.8
468 Waste,0,16.0,Waste,6.0,PV,0,0,0,1,0,16.0
47 Gas,5,444.0,Gas,8.0,PV,0,0,0,1,0,444.0
47 Run of River,5,31.7,Run of River,3.0,PV,0,0,0,1,0,31.7
474 Gas,3,390.0,Gas,8.0,PV,0,0,0,1,0,390.0
475 Oil,3,250.6,Oil,100.0,PV,0,0,0,1,0,250.6
478 Gas,9,95.0,Gas,8.0,PV,0,0,0,1,0,95.0
484 Gas,2,65.0,Gas,8.0,PV,0,0,0,1,0,65.0
484 Other,2,6.0,Other,32.0,PV,0,0,0,1,0,6.0
484 Run of River,2,66.7,Run of River,3.0,PV,0,0,0,1,0,66.7
484 Storage Hydro,2,45.5,Storage Hydro,3.0,PV,0,0,0,1,0,45.5
485 Run of River,2,26.5,Run of River,3.0,PV,0,0,0,1,0,26.5
486 Hard Coal,2,138.5,Hard Coal,25.0,PV,0,0,0,1,0,138.5
486 Oil,2,11.4,Oil,100.0,PV,0,0,0,1,0,11.4
487 Brown Coal,2,875.0,Brown Coal,10.0,PV,0,0,0,1,0,875.0
487 Oil,2,11.4,Oil,100.0,PV,0,0,0,1,0,11.4
49 Brown Coal,1,352.0,Brown Coal,10.0,PV,0,0,0,1,0,352.0
49 Hard Coal,1,66.0,Hard Coal,25.0,PV,0,0,0,1,0,66.0
49 Waste,1,37.5,Waste,6.0,PV,0,0,0,1,0,37.5
492 Hard Coal,4,54.0,Hard Coal,25.0,PV,0,0,0,1,0,54.0
492 Waste,4,56.9,Waste,6.0,PV,0,0,0,1,0,56.9
495 Hard Coal,6,147.0,Hard Coal,25.0,PV,0,0,0,1,0,147.0
51 Storage Hydro,3,20.0,Storage Hydro,3.0,PV,0,0,0,1,0,20.0
52_220kV Gas,4,390.0,Gas,8.0,PV,0,0,0,1,0,390.0
52_220kV Hard Coal,4,1347.0,Hard Coal,25.0,PV,0,0,0,1,0,1347.0
56_220kV Gas,4,11.7,Gas,8.0,PV,0,0,0,1,0,11.7
58 Gas,4,52.5,Gas,8.0,PV,0,0,0,1,0,52.5
58 Hard Coal,4,26.9,Hard Coal,25.0,PV,0,0,0,1,0,26.9
59 Hard Coal,13,324.0,Hard Coal,25.0,PV,0,0,0,1,0,324.0
5_220kV Run of River,3,4.6,Run of River,3.0,PV,0,0,0,1,0,4.6
61_220kV Gas,13,334.0,Gas,8.0,PV,0,0,0,1,0,334.0
61_220kV Hard Coal,13,350.0,Hard Coal,25.0,PV,0,0,0,1,0,350.0
62 Hard Coal,13,119.0,Hard Coal,25.0,PV,0,0,0,1,0,119.0
62 Run of River,13,9.9,Run of River,3.0,PV,0,0,0,1,0,9.9
62 Waste,13,44.0,Waste,6.0,PV,0,0,0,1,0,44.0
63 Brown Coal,7,465.0,Brown Coal,10.0,PV,0,0,0,1,0,465.0
63 Run of River,7,22.0,Run of River,3.0,PV,0,0,0,1,0,22.0
64 Run of River,8,11.2,Run of River,3.0,PV,0,0,0,1,0,11.2
65 Run of River,1,164.5,Run of River,3.0,PV,0,0,0,1,0,164.5
66 Run of River,8,5.1,Run of River,3.0,PV,0,0,0,1,0,5.1
67 Gas,13,14.8,Gas,8.0,PV,0,0,0,1,0,14.8
67 Hard Coal,13,300.0,Hard Coal,25.0,PV,0,0,0,1,0,300.0
67 Oil,13,88.0,Oil,100.0,PV,0,0,0,1,0,88.0
67 Other,13,150.0,Other,32.0,PV,0,0,0,1,0,150.0
67 Storage Hydro,13,392.0,Storage Hydro,3.0,PV,0,0,0,1,0,392.0
67 Waste,13,33.0,Waste,6.0,PV,0,0,0,1,0,33.0
68_220kV Run of River,4,4.2,Run of River,3.0,PV,0,0,0,1,0,4.2
69_220kV Gas,4,11.5,Gas,8.0,PV,0,0,0,1,0,11.5
69_220kV Waste,4,18.8,Waste,6.0,PV,0,0,0,1,0,18.8
70 Gas,4,423.0,Gas,8.0,PV,0,0,0,1,0,423.0
70 Waste,4,15.6,Waste,6.0,PV,0,0,0,1,0,15.6
71 Brown Coal,1,49.0,Brown Coal,10.0,PV,0,0,0,1,0,49.0
71 Gas,1,161.1,Gas,8.0,PV,0,0,0,1,0,161.1
71 Waste,1,9.9,Waste,6.0,PV,0,0,0,1,0,9.9
72 Brown Coal,1,900.0,Brown Coal,10.0,PV,0,0,0,1,0,900.0
72 Gas,1,151.0,Gas,8.0,PV,0,0,0,1,0,151.0
72 Oil,1,120.0,Oil,100.0,PV,0,0,0,1,0,120.0
74_220kV Gas,5,122.0,Gas,8.0,PV,0,0,0,1,0,122.0
74_220kV Waste,5,23.3,Waste,6.0,PV,0,0,0,1,0,23.3
75 Brown Coal,1,49.0,Brown Coal,10.0,PV,0,0,0,1,0,49.0
77 Gas,3,5.3,Gas,8.0,PV,0,0,0,1,0,5.3
79 Brown Coal,5,750.0,Brown Coal,10.0,PV,0,0,0,1,0,750.0
79 Waste,5,18.7,Waste,6.0,PV,0,0,0,1,0,18.7
81 Brown Coal,5,2835.0,Brown Coal,10.0,PV,0,0,0,1,0,2835.0
81 Other,5,124.5,Other,32.0,PV,0,0,0,1,0,124.5
83 Brown Coal,6,750.0,Brown Coal,10.0,PV,0,0,0,1,0,750.0
83 Other,6,53.6,Other,32.0,PV,0,0,0,1,0,53.6
84 Hard Coal,6,323.0,Hard Coal,25.0,PV,0,0,0,1,0,323.0
87_220kV Gas,0,138.7,Gas,8.0,PV,0,0,0,1,0,138.7
87_220kV Hard Coal,0,175.9,Hard Coal,25.0,PV,0,0,0,1,0,175.9
87_220kV Multiple,0,120.0,Multiple,28.0,PV,0,0,0,1,0,120.0
88 Gas,0,39.8,Gas,8.0,PV,0,0,0,1,0,39.8
89 Other,0,606.0,Other,32.0,PV,0,0,0,1,0,606.0
92 Gas,9,66.0,Gas,8.0,PV,0,0,0,1,0,66.0
94_220kV Geothermal,13,0.2,Geothermal,26.0,PV,0,0,0,1,0,0.2
95_220kV Gas,9,24.3,Gas,8.0,PV,0,0,0,1,0,24.3
99_220kV Gas,11,113.6,Gas,8.0,PV,0,0,0,1,0,113.6
99_220kV Hard Coal,11,655.6,Hard Coal,25.0,PV,0,0,0,1,0,655.6
218 Wind Offshore,12,48.3,Wind Offshore,0.0,PV,0,0,0,1,0,48.3
221 Wind Offshore,13,400.0,Wind Offshore,0.0,PV,0,0,0,1,0,400.0
270 Wind Offshore,13,60.0,Wind Offshore,0.0,PV,0,0,0,1,0,60.0
271 Wind Offshore,13,1018.0,Wind Offshore,0.0,PV,0,0,0,1,0,1018.0
22_220kV Wind Offshore,6,1447.2,Wind Offshore,0.0,PV,0,0,0,1,0,1447.2
1 Wind Onshore,3,153.510391124,Wind Onshore,0.0,PV,0,0,0,1,0,153.510391124
3 Wind Onshore,3,50.1645064777,Wind Onshore,0.0,PV,0,0,0,1,0,50.1645064777
4 Wind Onshore,3,84.2627790573,Wind Onshore,0.0,PV,0,0,0,1,0,84.2627790573
6 Wind Onshore,3,49.8864693272,Wind Onshore,0.0,PV,0,0,0,1,0,49.8864693272
7 Wind Onshore,3,67.2230767625,Wind Onshore,0.0,PV,0,0,0,1,0,67.2230767625
8 Wind Onshore,6,94.6840441287,Wind Onshore,0.0,PV,0,0,0,1,0,94.6840441287
9 Wind Onshore,6,85.7985253848,Wind Onshore,0.0,PV,0,0,0,1,0,85.7985253848
11 Wind Onshore,5,132.724113719,Wind Onshore,0.0,PV,0,0,0,1,0,132.724113719
14 Wind Onshore,8,0.0641793580921,Wind Onshore,0.0,PV,0,0,0,1,0,0.0641793580921
16 Wind Onshore,3,204.187623515,Wind Onshore,0.0,PV,0,0,0,1,0,204.187623515
17 Wind Onshore,5,52.7005296089,Wind Onshore,0.0,PV,0,0,0,1,0,52.7005296089
19 Wind Onshore,2,6.03553849736,Wind Onshore,0.0,PV,0,0,0,1,0,6.03553849736
21 Wind Onshore,6,36.1635315924,Wind Onshore,0.0,PV,0,0,0,1,0,36.1635315924
23 Wind Onshore,6,61.8362042365,Wind Onshore,0.0,PV,0,0,0,1,0,61.8362042365
25 Wind Onshore,6,106.787062956,Wind Onshore,0.0,PV,0,0,0,1,0,106.787062956
27 Wind Onshore,6,13.0295812923,Wind Onshore,0.0,PV,0,0,0,1,0,13.0295812923
28 Wind Onshore,6,71.6568833062,Wind Onshore,0.0,PV,0,0,0,1,0,71.6568833062
29 Wind Onshore,6,293.755374959,Wind Onshore,0.0,PV,0,0,0,1,0,293.755374959
31 Wind Onshore,3,52.7816062429,Wind Onshore,0.0,PV,0,0,0,1,0,52.7816062429
33 Wind Onshore,10,304.429780208,Wind Onshore,0.0,PV,0,0,0,1,0,304.429780208
34 Wind Onshore,13,20.6686903142,Wind Onshore,0.0,PV,0,0,0,1,0,20.6686903142
35 Wind Onshore,13,16.3680870699,Wind Onshore,0.0,PV,0,0,0,1,0,16.3680870699
36 Wind Onshore,13,273.855776496,Wind Onshore,0.0,PV,0,0,0,1,0,273.855776496
38 Wind Onshore,5,2.8560689855,Wind Onshore,0.0,PV,0,0,0,1,0,2.8560689855
39 Wind Onshore,1,603.943953043,Wind Onshore,0.0,PV,0,0,0,1,0,603.943953043
40 Wind Onshore,12,426.979978559,Wind Onshore,0.0,PV,0,0,0,1,0,426.979978559
41 Wind Onshore,12,1055.73517403,Wind Onshore,0.0,PV,0,0,0,1,0,1055.73517403
43 Wind Onshore,1,414.871332023,Wind Onshore,0.0,PV,0,0,0,1,0,414.871332023
44 Wind Onshore,5,10.3516315814,Wind Onshore,0.0,PV,0,0,0,1,0,10.3516315814
45 Wind Onshore,5,161.862596706,Wind Onshore,0.0,PV,0,0,0,1,0,161.862596706
47 Wind Onshore,5,2.87856145665,Wind Onshore,0.0,PV,0,0,0,1,0,2.87856145665
48 Wind Onshore,5,8.67091627581,Wind Onshore,0.0,PV,0,0,0,1,0,8.67091627581
49 Wind Onshore,1,209.786523699,Wind Onshore,0.0,PV,0,0,0,1,0,209.786523699
50 Wind Onshore,1,339.421642565,Wind Onshore,0.0,PV,0,0,0,1,0,339.421642565
51 Wind Onshore,3,134.399019048,Wind Onshore,0.0,PV,0,0,0,1,0,134.399019048
53 Wind Onshore,7,32.6535257613,Wind Onshore,0.0,PV,0,0,0,1,0,32.6535257613
54 Wind Onshore,4,5.00902220665,Wind Onshore,0.0,PV,0,0,0,1,0,5.00902220665
55 Wind Onshore,4,3.19075884669,Wind Onshore,0.0,PV,0,0,0,1,0,3.19075884669
57 Wind Onshore,4,0.788599328058,Wind Onshore,0.0,PV,0,0,0,1,0,0.788599328058
58 Wind Onshore,4,4.32869590283,Wind Onshore,0.0,PV,0,0,0,1,0,4.32869590283
59 Wind Onshore,13,112.606432525,Wind Onshore,0.0,PV,0,0,0,1,0,112.606432525
60 Wind Onshore,13,77.81765048,Wind Onshore,0.0,PV,0,0,0,1,0,77.81765048
62 Wind Onshore,13,153.592985662,Wind Onshore,0.0,PV,0,0,0,1,0,153.592985662
63 Wind Onshore,7,15.7834481687,Wind Onshore,0.0,PV,0,0,0,1,0,15.7834481687
64 Wind Onshore,8,2.29550964638,Wind Onshore,0.0,PV,0,0,0,1,0,2.29550964638
65 Wind Onshore,1,26.1200405137,Wind Onshore,0.0,PV,0,0,0,1,0,26.1200405137
66 Wind Onshore,8,34.4132463542,Wind Onshore,0.0,PV,0,0,0,1,0,34.4132463542
67 Wind Onshore,13,72.3279923602,Wind Onshore,0.0,PV,0,0,0,1,0,72.3279923602
70 Wind Onshore,4,132.149983123,Wind Onshore,0.0,PV,0,0,0,1,0,132.149983123
71 Wind Onshore,1,405.642114881,Wind Onshore,0.0,PV,0,0,0,1,0,405.642114881
72 Wind Onshore,1,510.054159155,Wind Onshore,0.0,PV,0,0,0,1,0,510.054159155
73 Wind Onshore,5,633.681488492,Wind Onshore,0.0,PV,0,0,0,1,0,633.681488492
75 Wind Onshore,1,602.719370584,Wind Onshore,0.0,PV,0,0,0,1,0,602.719370584
76 Wind Onshore,3,113.714399398,Wind Onshore,0.0,PV,0,0,0,1,0,113.714399398
77 Wind Onshore,3,225.599169646,Wind Onshore,0.0,PV,0,0,0,1,0,225.599169646
79 Wind Onshore,5,116.66596966,Wind Onshore,0.0,PV,0,0,0,1,0,116.66596966
80 Wind Onshore,5,36.7824924762,Wind Onshore,0.0,PV,0,0,0,1,0,36.7824924762
81 Wind Onshore,5,384.449592248,Wind Onshore,0.0,PV,0,0,0,1,0,384.449592248
82 Wind Onshore,13,89.1408968614,Wind Onshore,0.0,PV,0,0,0,1,0,89.1408968614
83 Wind Onshore,6,45.7938996393,Wind Onshore,0.0,PV,0,0,0,1,0,45.7938996393
84 Wind Onshore,6,54.0020322251,Wind Onshore,0.0,PV,0,0,0,1,0,54.0020322251
85 Wind Onshore,9,155.605297616,Wind Onshore,0.0,PV,0,0,0,1,0,155.605297616
88 Wind Onshore,0,3.75903786416,Wind Onshore,0.0,PV,0,0,0,1,0,3.75903786416
89 Wind Onshore,0,0.20495144136,Wind Onshore,0.0,PV,0,0,0,1,0,0.20495144136
90 Wind Onshore,9,84.5061198676,Wind Onshore,0.0,PV,0,0,0,1,0,84.5061198676
91 Wind Onshore,9,4.60112152773,Wind Onshore,0.0,PV,0,0,0,1,0,4.60112152773
92 Wind Onshore,9,71.0254994175,Wind Onshore,0.0,PV,0,0,0,1,0,71.0254994175
93 Wind Onshore,13,290.937197757,Wind Onshore,0.0,PV,0,0,0,1,0,290.937197757
97 Wind Onshore,8,0.0266961326966,Wind Onshore,0.0,PV,0,0,0,1,0,0.0266961326966
98 Wind Onshore,12,83.9306653156,Wind Onshore,0.0,PV,0,0,0,1,0,83.9306653156
101 Wind Onshore,12,350.979987644,Wind Onshore,0.0,PV,0,0,0,1,0,350.979987644
102 Wind Onshore,12,245.381700655,Wind Onshore,0.0,PV,0,0,0,1,0,245.381700655
103 Wind Onshore,0,0.206918168218,Wind Onshore,0.0,PV,0,0,0,1,0,0.206918168218
108 Wind Onshore,0,2.17859329378,Wind Onshore,0.0,PV,0,0,0,1,0,2.17859329378
109 Wind Onshore,9,2.28979314118,Wind Onshore,0.0,PV,0,0,0,1,0,2.28979314118
110 Wind Onshore,9,76.2216146438,Wind Onshore,0.0,PV,0,0,0,1,0,76.2216146438
111 Wind Onshore,9,320.42275108,Wind Onshore,0.0,PV,0,0,0,1,0,320.42275108
112 Wind Onshore,9,0.778210370106,Wind Onshore,0.0,PV,0,0,0,1,0,0.778210370106
113 Wind Onshore,0,1.65455712572,Wind Onshore,0.0,PV,0,0,0,1,0,1.65455712572
114 Wind Onshore,9,89.637993199,Wind Onshore,0.0,PV,0,0,0,1,0,89.637993199
115 Wind Onshore,0,69.5342899494,Wind Onshore,0.0,PV,0,0,0,1,0,69.5342899494
116 Wind Onshore,0,3.53636055719,Wind Onshore,0.0,PV,0,0,0,1,0,3.53636055719
118 Wind Onshore,0,13.4468885109,Wind Onshore,0.0,PV,0,0,0,1,0,13.4468885109
119 Wind Onshore,0,50.5752781935,Wind Onshore,0.0,PV,0,0,0,1,0,50.5752781935
121 Wind Onshore,0,32.6011423992,Wind Onshore,0.0,PV,0,0,0,1,0,32.6011423992
122 Wind Onshore,0,90.7925410198,Wind Onshore,0.0,PV,0,0,0,1,0,90.7925410198
126 Wind Onshore,0,8.72501236524,Wind Onshore,0.0,PV,0,0,0,1,0,8.72501236524
127 Wind Onshore,0,43.2540231528,Wind Onshore,0.0,PV,0,0,0,1,0,43.2540231528
130 Wind Onshore,0,2.41600145539,Wind Onshore,0.0,PV,0,0,0,1,0,2.41600145539
131 Wind Onshore,0,0.540589207054,Wind Onshore,0.0,PV,0,0,0,1,0,0.540589207054
132 Wind Onshore,0,1.46288325395,Wind Onshore,0.0,PV,0,0,0,1,0,1.46288325395
133 Wind Onshore,0,1.46433600229,Wind Onshore,0.0,PV,0,0,0,1,0,1.46433600229
134 Wind Onshore,0,1.28828304343,Wind Onshore,0.0,PV,0,0,0,1,0,1.28828304343
135 Wind Onshore,9,25.8188993015,Wind Onshore,0.0,PV,0,0,0,1,0,25.8188993015
136 Wind Onshore,9,29.1548929719,Wind Onshore,0.0,PV,0,0,0,1,0,29.1548929719
137 Wind Onshore,0,105.296621064,Wind Onshore,0.0,PV,0,0,0,1,0,105.296621064
139 Wind Onshore,0,3.06138955244,Wind Onshore,0.0,PV,0,0,0,1,0,3.06138955244
140 Wind Onshore,9,4.73874713717,Wind Onshore,0.0,PV,0,0,0,1,0,4.73874713717
141 Wind Onshore,9,1.02575387048,Wind Onshore,0.0,PV,0,0,0,1,0,1.02575387048
142 Wind Onshore,0,2.8970783132,Wind Onshore,0.0,PV,0,0,0,1,0,2.8970783132
144 Wind Onshore,0,0.359496708924,Wind Onshore,0.0,PV,0,0,0,1,0,0.359496708924
145 Wind Onshore,0,0.719596947326,Wind Onshore,0.0,PV,0,0,0,1,0,0.719596947326
146 Wind Onshore,0,0.508453122526,Wind Onshore,0.0,PV,0,0,0,1,0,0.508453122526
147 Wind Onshore,9,8.11781937714,Wind Onshore,0.0,PV,0,0,0,1,0,8.11781937714
148 Wind Onshore,0,0.402699751377,Wind Onshore,0.0,PV,0,0,0,1,0,0.402699751377
149 Wind Onshore,0,3.669011551,Wind Onshore,0.0,PV,0,0,0,1,0,3.669011551
150 Wind Onshore,0,1.25427791149,Wind Onshore,0.0,PV,0,0,0,1,0,1.25427791149
151 Wind Onshore,0,19.8227688711,Wind Onshore,0.0,PV,0,0,0,1,0,19.8227688711
152 Wind Onshore,0,28.389456755,Wind Onshore,0.0,PV,0,0,0,1,0,28.389456755
153 Wind Onshore,0,119.464559856,Wind Onshore,0.0,PV,0,0,0,1,0,119.464559856
154 Wind Onshore,0,1.21573343643,Wind Onshore,0.0,PV,0,0,0,1,0,1.21573343643
155 Wind Onshore,9,25.239356261,Wind Onshore,0.0,PV,0,0,0,1,0,25.239356261
158 Wind Onshore,0,52.5273816031,Wind Onshore,0.0,PV,0,0,0,1,0,52.5273816031
161 Wind Onshore,13,175.889627208,Wind Onshore,0.0,PV,0,0,0,1,0,175.889627208
162 Wind Onshore,0,0.861317127693,Wind Onshore,0.0,PV,0,0,0,1,0,0.861317127693
163 Wind Onshore,0,45.7037068059,Wind Onshore,0.0,PV,0,0,0,1,0,45.7037068059
164 Wind Onshore,9,17.6455290289,Wind Onshore,0.0,PV,0,0,0,1,0,17.6455290289
166 Wind Onshore,9,8.55678386233,Wind Onshore,0.0,PV,0,0,0,1,0,8.55678386233
167 Wind Onshore,9,3.62255952466,Wind Onshore,0.0,PV,0,0,0,1,0,3.62255952466
168 Wind Onshore,0,13.0361134479,Wind Onshore,0.0,PV,0,0,0,1,0,13.0361134479
169 Wind Onshore,0,0.116517735693,Wind Onshore,0.0,PV,0,0,0,1,0,0.116517735693
170 Wind Onshore,0,0.0687883675101,Wind Onshore,0.0,PV,0,0,0,1,0,0.0687883675101
171 Wind Onshore,0,0.160624563218,Wind Onshore,0.0,PV,0,0,0,1,0,0.160624563218
172 Wind Onshore,0,0.609451340471,Wind Onshore,0.0,PV,0,0,0,1,0,0.609451340471
173 Wind Onshore,0,16.0223344728,Wind Onshore,0.0,PV,0,0,0,1,0,16.0223344728
174 Wind Onshore,0,4.35414698006,Wind Onshore,0.0,PV,0,0,0,1,0,4.35414698006
175 Wind Onshore,0,1.04303990751,Wind Onshore,0.0,PV,0,0,0,1,0,1.04303990751
176 Wind Onshore,0,13.4980870092,Wind Onshore,0.0,PV,0,0,0,1,0,13.4980870092
177 Wind Onshore,12,238.377761372,Wind Onshore,0.0,PV,0,0,0,1,0,238.377761372
178 Wind Onshore,9,25.2633910944,Wind Onshore,0.0,PV,0,0,0,1,0,25.2633910944
179 Wind Onshore,5,502.409178069,Wind Onshore,0.0,PV,0,0,0,1,0,502.409178069
180 Wind Onshore,5,330.031939735,Wind Onshore,0.0,PV,0,0,0,1,0,330.031939735
181 Wind Onshore,5,285.625411508,Wind Onshore,0.0,PV,0,0,0,1,0,285.625411508
182 Wind Onshore,5,57.1885789685,Wind Onshore,0.0,PV,0,0,0,1,0,57.1885789685
183 Wind Onshore,6,83.2771628571,Wind Onshore,0.0,PV,0,0,0,1,0,83.2771628571
185 Wind Onshore,0,5.05377980991,Wind Onshore,0.0,PV,0,0,0,1,0,5.05377980991
186 Wind Onshore,0,1.34577448661,Wind Onshore,0.0,PV,0,0,0,1,0,1.34577448661
187 Wind Onshore,0,2.72184505996,Wind Onshore,0.0,PV,0,0,0,1,0,2.72184505996
188 Wind Onshore,0,0.265989546307,Wind Onshore,0.0,PV,0,0,0,1,0,0.265989546307
189 Wind Onshore,7,9.02988478213,Wind Onshore,0.0,PV,0,0,0,1,0,9.02988478213
190 Wind Onshore,7,3.58404269875,Wind Onshore,0.0,PV,0,0,0,1,0,3.58404269875
192 Wind Onshore,12,254.253327175,Wind Onshore,0.0,PV,0,0,0,1,0,254.253327175
193 Wind Onshore,0,1.26008164224,Wind Onshore,0.0,PV,0,0,0,1,0,1.26008164224
194 Wind Onshore,0,0.855454008484,Wind Onshore,0.0,PV,0,0,0,1,0,0.855454008484
196 Wind Onshore,0,0.232219951161,Wind Onshore,0.0,PV,0,0,0,1,0,0.232219951161
197 Wind Onshore,0,27.8740104664,Wind Onshore,0.0,PV,0,0,0,1,0,27.8740104664
198 Wind Onshore,9,3.16799906488,Wind Onshore,0.0,PV,0,0,0,1,0,3.16799906488
199 Wind Onshore,9,1.30629298198,Wind Onshore,0.0,PV,0,0,0,1,0,1.30629298198
200 Wind Onshore,0,0.688544563034,Wind Onshore,0.0,PV,0,0,0,1,0,0.688544563034
202 Wind Onshore,9,85.7395569744,Wind Onshore,0.0,PV,0,0,0,1,0,85.7395569744
203 Wind Onshore,0,99.3195792397,Wind Onshore,0.0,PV,0,0,0,1,0,99.3195792397
204 Wind Onshore,9,38.2225747563,Wind Onshore,0.0,PV,0,0,0,1,0,38.2225747563
205 Wind Onshore,9,4.21900521504,Wind Onshore,0.0,PV,0,0,0,1,0,4.21900521504
206 Wind Onshore,0,11.3439712953,Wind Onshore,0.0,PV,0,0,0,1,0,11.3439712953
207 Wind Onshore,9,38.9163677331,Wind Onshore,0.0,PV,0,0,0,1,0,38.9163677331
208 Wind Onshore,9,9.81457352728,Wind Onshore,0.0,PV,0,0,0,1,0,9.81457352728
209 Wind Onshore,3,179.712741143,Wind Onshore,0.0,PV,0,0,0,1,0,179.712741143
210 Wind Onshore,3,20.2618052811,Wind Onshore,0.0,PV,0,0,0,1,0,20.2618052811
211 Wind Onshore,11,220.533673307,Wind Onshore,0.0,PV,0,0,0,1,0,220.533673307
212 Wind Onshore,11,73.0794126745,Wind Onshore,0.0,PV,0,0,0,1,0,73.0794126745
213 Wind Onshore,4,21.4545687721,Wind Onshore,0.0,PV,0,0,0,1,0,21.4545687721
214 Wind Onshore,4,2.39995325631,Wind Onshore,0.0,PV,0,0,0,1,0,2.39995325631
215 Wind Onshore,4,8.98603573294,Wind Onshore,0.0,PV,0,0,0,1,0,8.98603573294
216 Wind Onshore,4,0.202358992327,Wind Onshore,0.0,PV,0,0,0,1,0,0.202358992327
217 Wind Onshore,12,160.697955702,Wind Onshore,0.0,PV,0,0,0,1,0,160.697955702
218 Wind Onshore,12,90.5922662203,Wind Onshore,0.0,PV,0,0,0,1,0,90.5922662203
219 Wind Onshore,3,39.8191571163,Wind Onshore,0.0,PV,0,0,0,1,0,39.8191571163
221 Wind Onshore,13,201.421956418,Wind Onshore,0.0,PV,0,0,0,1,0,201.421956418
222 Wind Onshore,13,56.0124084149,Wind Onshore,0.0,PV,0,0,0,1,0,56.0124084149
223 Wind Onshore,4,25.1666668423,Wind Onshore,0.0,PV,0,0,0,1,0,25.1666668423
224 Wind Onshore,4,49.892379932,Wind Onshore,0.0,PV,0,0,0,1,0,49.892379932
225 Wind Onshore,11,182.623255886,Wind Onshore,0.0,PV,0,0,0,1,0,182.623255886
226 Wind Onshore,3,47.5418211266,Wind Onshore,0.0,PV,0,0,0,1,0,47.5418211266
227 Wind Onshore,2,0.548842797786,Wind Onshore,0.0,PV,0,0,0,1,0,0.548842797786
228 Wind Onshore,4,3.80689419028,Wind Onshore,0.0,PV,0,0,0,1,0,3.80689419028
229 Wind Onshore,4,3.57545259247,Wind Onshore,0.0,PV,0,0,0,1,0,3.57545259247
230 Wind Onshore,2,2.24203138868,Wind Onshore,0.0,PV,0,0,0,1,0,2.24203138868
234 Wind Onshore,7,1.26826084243,Wind Onshore,0.0,PV,0,0,0,1,0,1.26826084243
235 Wind Onshore,7,9.02599008132,Wind Onshore,0.0,PV,0,0,0,1,0,9.02599008132
237 Wind Onshore,11,18.0052285695,Wind Onshore,0.0,PV,0,0,0,1,0,18.0052285695
238 Wind Onshore,11,91.1718882891,Wind Onshore,0.0,PV,0,0,0,1,0,91.1718882891
239 Wind Onshore,11,57.3427040317,Wind Onshore,0.0,PV,0,0,0,1,0,57.3427040317
240 Wind Onshore,4,4.50590653785,Wind Onshore,0.0,PV,0,0,0,1,0,4.50590653785
241 Wind Onshore,4,2.25296531835,Wind Onshore,0.0,PV,0,0,0,1,0,2.25296531835
242 Wind Onshore,4,67.7544693336,Wind Onshore,0.0,PV,0,0,0,1,0,67.7544693336
245 Wind Onshore,4,35.8716168147,Wind Onshore,0.0,PV,0,0,0,1,0,35.8716168147
246 Wind Onshore,4,0.980482439128,Wind Onshore,0.0,PV,0,0,0,1,0,0.980482439128
249 Wind Onshore,9,12.3395302249,Wind Onshore,0.0,PV,0,0,0,1,0,12.3395302249
253 Wind Onshore,9,30.5978493741,Wind Onshore,0.0,PV,0,0,0,1,0,30.5978493741
254 Wind Onshore,11,593.230436463,Wind Onshore,0.0,PV,0,0,0,1,0,593.230436463
255 Wind Onshore,11,211.057769317,Wind Onshore,0.0,PV,0,0,0,1,0,211.057769317
256 Wind Onshore,11,3.806101238,Wind Onshore,0.0,PV,0,0,0,1,0,3.806101238
257 Wind Onshore,4,160.523777952,Wind Onshore,0.0,PV,0,0,0,1,0,160.523777952
258 Wind Onshore,3,34.9314811298,Wind Onshore,0.0,PV,0,0,0,1,0,34.9314811298
259 Wind Onshore,3,3.98285835666,Wind Onshore,0.0,PV,0,0,0,1,0,3.98285835666
260 Wind Onshore,4,17.4828066828,Wind Onshore,0.0,PV,0,0,0,1,0,17.4828066828
262 Wind Onshore,2,3.02136730179,Wind Onshore,0.0,PV,0,0,0,1,0,3.02136730179
265 Wind Onshore,9,51.2442219887,Wind Onshore,0.0,PV,0,0,0,1,0,51.2442219887
266 Wind Onshore,8,1.68127574154,Wind Onshore,0.0,PV,0,0,0,1,0,1.68127574154
268 Wind Onshore,9,33.5547803098,Wind Onshore,0.0,PV,0,0,0,1,0,33.5547803098
269 Wind Onshore,9,75.0750875274,Wind Onshore,0.0,PV,0,0,0,1,0,75.0750875274
270 Wind Onshore,13,575.368279546,Wind Onshore,0.0,PV,0,0,0,1,0,575.368279546
271 Wind Onshore,13,101.139399875,Wind Onshore,0.0,PV,0,0,0,1,0,101.139399875
273 Wind Onshore,6,9.0373397227,Wind Onshore,0.0,PV,0,0,0,1,0,9.0373397227
274 Wind Onshore,6,82.2250352232,Wind Onshore,0.0,PV,0,0,0,1,0,82.2250352232
275 Wind Onshore,11,14.6054088834,Wind Onshore,0.0,PV,0,0,0,1,0,14.6054088834
276 Wind Onshore,11,188.691049163,Wind Onshore,0.0,PV,0,0,0,1,0,188.691049163
277 Wind Onshore,13,2.26770583626,Wind Onshore,0.0,PV,0,0,0,1,0,2.26770583626
278 Wind Onshore,1,339.510510359,Wind Onshore,0.0,PV,0,0,0,1,0,339.510510359
280 Wind Onshore,5,385.361595031,Wind Onshore,0.0,PV,0,0,0,1,0,385.361595031
283 Wind Onshore,4,27.074037541,Wind Onshore,0.0,PV,0,0,0,1,0,27.074037541
284 Wind Onshore,4,83.0798418272,Wind Onshore,0.0,PV,0,0,0,1,0,83.0798418272
285 Wind Onshore,13,323.472536333,Wind Onshore,0.0,PV,0,0,0,1,0,323.472536333
286 Wind Onshore,3,8.0808958712,Wind Onshore,0.0,PV,0,0,0,1,0,8.0808958712
287 Wind Onshore,9,57.1278247463,Wind Onshore,0.0,PV,0,0,0,1,0,57.1278247463
288 Wind Onshore,7,21.8333957759,Wind Onshore,0.0,PV,0,0,0,1,0,21.8333957759
289 Wind Onshore,9,91.9582753388,Wind Onshore,0.0,PV,0,0,0,1,0,91.9582753388
290 Wind Onshore,5,76.1351770479,Wind Onshore,0.0,PV,0,0,0,1,0,76.1351770479
291 Wind Onshore,5,30.8305188023,Wind Onshore,0.0,PV,0,0,0,1,0,30.8305188023
293 Wind Onshore,10,23.4043450629,Wind Onshore,0.0,PV,0,0,0,1,0,23.4043450629
294 Wind Onshore,10,14.887727285,Wind Onshore,0.0,PV,0,0,0,1,0,14.887727285
295 Wind Onshore,3,64.502694254,Wind Onshore,0.0,PV,0,0,0,1,0,64.502694254
296 Wind Onshore,3,82.2786953613,Wind Onshore,0.0,PV,0,0,0,1,0,82.2786953613
297 Wind Onshore,3,3.81841924681,Wind Onshore,0.0,PV,0,0,0,1,0,3.81841924681
298 Wind Onshore,3,15.0918417045,Wind Onshore,0.0,PV,0,0,0,1,0,15.0918417045
299 Wind Onshore,3,88.9528798809,Wind Onshore,0.0,PV,0,0,0,1,0,88.9528798809
300 Wind Onshore,13,235.487328921,Wind Onshore,0.0,PV,0,0,0,1,0,235.487328921
301 Wind Onshore,3,109.288718785,Wind Onshore,0.0,PV,0,0,0,1,0,109.288718785
302 Wind Onshore,3,20.1687166138,Wind Onshore,0.0,PV,0,0,0,1,0,20.1687166138
304 Wind Onshore,10,201.699554501,Wind Onshore,0.0,PV,0,0,0,1,0,201.699554501
305 Wind Onshore,4,0.524108115665,Wind Onshore,0.0,PV,0,0,0,1,0,0.524108115665
306 Wind Onshore,4,0.352420710612,Wind Onshore,0.0,PV,0,0,0,1,0,0.352420710612
309 Wind Onshore,4,82.0353612917,Wind Onshore,0.0,PV,0,0,0,1,0,82.0353612917
310 Wind Onshore,4,6.65472673495,Wind Onshore,0.0,PV,0,0,0,1,0,6.65472673495
311 Wind Onshore,4,119.710848522,Wind Onshore,0.0,PV,0,0,0,1,0,119.710848522
313 Wind Onshore,1,39.469005702,Wind Onshore,0.0,PV,0,0,0,1,0,39.469005702
314 Wind Onshore,2,3.4294999088,Wind Onshore,0.0,PV,0,0,0,1,0,3.4294999088
316 Wind Onshore,2,5.10582944022,Wind Onshore,0.0,PV,0,0,0,1,0,5.10582944022
318 Wind Onshore,2,38.9505114335,Wind Onshore,0.0,PV,0,0,0,1,0,38.9505114335
319 Wind Onshore,2,47.3717915205,Wind Onshore,0.0,PV,0,0,0,1,0,47.3717915205
320 Wind Onshore,4,1.23166024502,Wind Onshore,0.0,PV,0,0,0,1,0,1.23166024502
321 Wind Onshore,7,2.16920079779,Wind Onshore,0.0,PV,0,0,0,1,0,2.16920079779
323 Wind Onshore,1,53.0956287692,Wind Onshore,0.0,PV,0,0,0,1,0,53.0956287692
324 Wind Onshore,5,99.0752999943,Wind Onshore,0.0,PV,0,0,0,1,0,99.0752999943
325 Wind Onshore,5,25.6556410363,Wind Onshore,0.0,PV,0,0,0,1,0,25.6556410363
326 Wind Onshore,5,65.61125218,Wind Onshore,0.0,PV,0,0,0,1,0,65.61125218
327 Wind Onshore,5,170.437781001,Wind Onshore,0.0,PV,0,0,0,1,0,170.437781001
328 Wind Onshore,8,0.00434449024199,Wind Onshore,0.0,PV,0,0,0,1,0,0.00434449024199
329 Wind Onshore,8,0.626493907051,Wind Onshore,0.0,PV,0,0,0,1,0,0.626493907051
330 Wind Onshore,8,2.51245968177,Wind Onshore,0.0,PV,0,0,0,1,0,2.51245968177
331 Wind Onshore,8,4.36303730827,Wind Onshore,0.0,PV,0,0,0,1,0,4.36303730827
333 Wind Onshore,6,1297.76442825,Wind Onshore,0.0,PV,0,0,0,1,0,1297.76442825
335 Wind Onshore,10,28.4263216809,Wind Onshore,0.0,PV,0,0,0,1,0,28.4263216809
337 Wind Onshore,8,2.93704756536,Wind Onshore,0.0,PV,0,0,0,1,0,2.93704756536
339 Wind Onshore,4,17.8722009047,Wind Onshore,0.0,PV,0,0,0,1,0,17.8722009047
340 Wind Onshore,1,93.1996278632,Wind Onshore,0.0,PV,0,0,0,1,0,93.1996278632
341 Wind Onshore,1,148.402692339,Wind Onshore,0.0,PV,0,0,0,1,0,148.402692339
342 Wind Onshore,1,184.14923543,Wind Onshore,0.0,PV,0,0,0,1,0,184.14923543
343 Wind Onshore,10,4.90197409828,Wind Onshore,0.0,PV,0,0,0,1,0,4.90197409828
344 Wind Onshore,1,98.2933506333,Wind Onshore,0.0,PV,0,0,0,1,0,98.2933506333
345 Wind Onshore,1,41.6820737696,Wind Onshore,0.0,PV,0,0,0,1,0,41.6820737696
346 Wind Onshore,5,2.40210740929,Wind Onshore,0.0,PV,0,0,0,1,0,2.40210740929
347 Wind Onshore,5,5.39742965672,Wind Onshore,0.0,PV,0,0,0,1,0,5.39742965672
348 Wind Onshore,5,5.87366595854,Wind Onshore,0.0,PV,0,0,0,1,0,5.87366595854
349 Wind Onshore,8,27.3564890353,Wind Onshore,0.0,PV,0,0,0,1,0,27.3564890353
350 Wind Onshore,10,177.778741548,Wind Onshore,0.0,PV,0,0,0,1,0,177.778741548
352 Wind Onshore,8,4.01460326021,Wind Onshore,0.0,PV,0,0,0,1,0,4.01460326021
354 Wind Onshore,8,2.15820669618,Wind Onshore,0.0,PV,0,0,0,1,0,2.15820669618
355 Wind Onshore,11,23.74405048,Wind Onshore,0.0,PV,0,0,0,1,0,23.74405048
356 Wind Onshore,11,60.8633036939,Wind Onshore,0.0,PV,0,0,0,1,0,60.8633036939
357 Wind Onshore,11,4.87729945362,Wind Onshore,0.0,PV,0,0,0,1,0,4.87729945362
358 Wind Onshore,11,4.33551577107,Wind Onshore,0.0,PV,0,0,0,1,0,4.33551577107
359 Wind Onshore,11,9.59431935716,Wind Onshore,0.0,PV,0,0,0,1,0,9.59431935716
361 Wind Onshore,11,0.00456719955131,Wind Onshore,0.0,PV,0,0,0,1,0,0.00456719955131
363 Wind Onshore,9,1.82701375341,Wind Onshore,0.0,PV,0,0,0,1,0,1.82701375341
364 Wind Onshore,0,0.298940300013,Wind Onshore,0.0,PV,0,0,0,1,0,0.298940300013
365 Wind Onshore,5,3.27832133929,Wind Onshore,0.0,PV,0,0,0,1,0,3.27832133929
366 Wind Onshore,4,3.34909004921,Wind Onshore,0.0,PV,0,0,0,1,0,3.34909004921
367 Wind Onshore,4,1.64588987762,Wind Onshore,0.0,PV,0,0,0,1,0,1.64588987762
368 Wind Onshore,7,11.8540035349,Wind Onshore,0.0,PV,0,0,0,1,0,11.8540035349
369 Wind Onshore,6,262.264924035,Wind Onshore,0.0,PV,0,0,0,1,0,262.264924035
370 Wind Onshore,11,30.8367475842,Wind Onshore,0.0,PV,0,0,0,1,0,30.8367475842
371 Wind Onshore,11,12.0039872819,Wind Onshore,0.0,PV,0,0,0,1,0,12.0039872819
372 Wind Onshore,11,7.87902661745,Wind Onshore,0.0,PV,0,0,0,1,0,7.87902661745
373 Wind Onshore,8,2.75749675502,Wind Onshore,0.0,PV,0,0,0,1,0,2.75749675502
374 Wind Onshore,9,23.9585741942,Wind Onshore,0.0,PV,0,0,0,1,0,23.9585741942
375 Wind Onshore,4,1.95633185604,Wind Onshore,0.0,PV,0,0,0,1,0,1.95633185604
376 Wind Onshore,3,17.7082761196,Wind Onshore,0.0,PV,0,0,0,1,0,17.7082761196
377 Wind Onshore,2,20.7585904677,Wind Onshore,0.0,PV,0,0,0,1,0,20.7585904677
378 Wind Onshore,4,0.161123144974,Wind Onshore,0.0,PV,0,0,0,1,0,0.161123144974
379 Wind Onshore,4,0.929763183455,Wind Onshore,0.0,PV,0,0,0,1,0,0.929763183455
380 Wind Onshore,3,199.111908709,Wind Onshore,0.0,PV,0,0,0,1,0,199.111908709
381 Wind Onshore,4,13.0632583963,Wind Onshore,0.0,PV,0,0,0,1,0,13.0632583963
383 Wind Onshore,10,90.4975589655,Wind Onshore,0.0,PV,0,0,0,1,0,90.4975589655
386 Wind Onshore,3,56.928865333,Wind Onshore,0.0,PV,0,0,0,1,0,56.928865333
387 Wind Onshore,3,50.7968954699,Wind Onshore,0.0,PV,0,0,0,1,0,50.7968954699
388 Wind Onshore,3,16.0633432056,Wind Onshore,0.0,PV,0,0,0,1,0,16.0633432056
389 Wind Onshore,4,218.675423603,Wind Onshore,0.0,PV,0,0,0,1,0,218.675423603
390 Wind Onshore,10,30.1310283897,Wind Onshore,0.0,PV,0,0,0,1,0,30.1310283897
392 Wind Onshore,0,0.289238434706,Wind Onshore,0.0,PV,0,0,0,1,0,0.289238434706
393 Wind Onshore,2,26.2930875243,Wind Onshore,0.0,PV,0,0,0,1,0,26.2930875243
394 Wind Onshore,2,45.6502535882,Wind Onshore,0.0,PV,0,0,0,1,0,45.6502535882
395 Wind Onshore,2,1.21534084768,Wind Onshore,0.0,PV,0,0,0,1,0,1.21534084768
396 Wind Onshore,2,3.306939311,Wind Onshore,0.0,PV,0,0,0,1,0,3.306939311
397 Wind Onshore,4,29.7730350488,Wind Onshore,0.0,PV,0,0,0,1,0,29.7730350488
398 Wind Onshore,6,121.31240995,Wind Onshore,0.0,PV,0,0,0,1,0,121.31240995
399 Wind Onshore,4,0.832524410153,Wind Onshore,0.0,PV,0,0,0,1,0,0.832524410153
400 Wind Onshore,3,10.0864820071,Wind Onshore,0.0,PV,0,0,0,1,0,10.0864820071
401 Wind Onshore,6,70.0983272434,Wind Onshore,0.0,PV,0,0,0,1,0,70.0983272434
402 Wind Onshore,6,205.513321072,Wind Onshore,0.0,PV,0,0,0,1,0,205.513321072
405 Wind Onshore,7,0.734589478908,Wind Onshore,0.0,PV,0,0,0,1,0,0.734589478908
406 Wind Onshore,7,1.10210758817,Wind Onshore,0.0,PV,0,0,0,1,0,1.10210758817
409 Wind Onshore,4,0.226056957693,Wind Onshore,0.0,PV,0,0,0,1,0,0.226056957693
410 Wind Onshore,2,3.97118800864,Wind Onshore,0.0,PV,0,0,0,1,0,3.97118800864
411 Wind Onshore,3,214.719214758,Wind Onshore,0.0,PV,0,0,0,1,0,214.719214758
412 Wind Onshore,6,414.115976321,Wind Onshore,0.0,PV,0,0,0,1,0,414.115976321
414 Wind Onshore,6,22.7079271365,Wind Onshore,0.0,PV,0,0,0,1,0,22.7079271365
415 Wind Onshore,6,42.3523424512,Wind Onshore,0.0,PV,0,0,0,1,0,42.3523424512
416 Wind Onshore,7,0.0949711377878,Wind Onshore,0.0,PV,0,0,0,1,0,0.0949711377878
417 Wind Onshore,8,0.0159577330889,Wind Onshore,0.0,PV,0,0,0,1,0,0.0159577330889
418 Wind Onshore,8,0.837260326848,Wind Onshore,0.0,PV,0,0,0,1,0,0.837260326848
422 Wind Onshore,4,2.1470467446e-08,Wind Onshore,0.0,PV,0,0,0,1,0,2.1470467446e-08
423 Wind Onshore,7,0.147716007334,Wind Onshore,0.0,PV,0,0,0,1,0,0.147716007334
424 Wind Onshore,4,1.68832442006,Wind Onshore,0.0,PV,0,0,0,1,0,1.68832442006
425 Wind Onshore,3,73.4862311837,Wind Onshore,0.0,PV,0,0,0,1,0,73.4862311837
426 Wind Onshore,3,56.4599127019,Wind Onshore,0.0,PV,0,0,0,1,0,56.4599127019
427 Wind Onshore,4,0.247292713667,Wind Onshore,0.0,PV,0,0,0,1,0,0.247292713667
428 Wind Onshore,5,70.6335891308,Wind Onshore,0.0,PV,0,0,0,1,0,70.6335891308
429 Wind Onshore,0,17.1359833072,Wind Onshore,0.0,PV,0,0,0,1,0,17.1359833072
430 Wind Onshore,0,63.2071733464,Wind Onshore,0.0,PV,0,0,0,1,0,63.2071733464
431 Wind Onshore,0,79.1072159825,Wind Onshore,0.0,PV,0,0,0,1,0,79.1072159825
432 Wind Onshore,2,0.0361579458313,Wind Onshore,0.0,PV,0,0,0,1,0,0.0361579458313
433 Wind Onshore,2,0.0610682185031,Wind Onshore,0.0,PV,0,0,0,1,0,0.0610682185031
434 Wind Onshore,2,0.000455522242349,Wind Onshore,0.0,PV,0,0,0,1,0,0.000455522242349
435 Wind Onshore,5,1.22999224722,Wind Onshore,0.0,PV,0,0,0,1,0,1.22999224722
436 Wind Onshore,7,43.8638910737,Wind Onshore,0.0,PV,0,0,0,1,0,43.8638910737
437 Wind Onshore,7,3.29824335081,Wind Onshore,0.0,PV,0,0,0,1,0,3.29824335081
438 Wind Onshore,4,7.96885916892,Wind Onshore,0.0,PV,0,0,0,1,0,7.96885916892
439 Wind Onshore,4,0.343307573159,Wind Onshore,0.0,PV,0,0,0,1,0,0.343307573159
440 Wind Onshore,6,81.7672084659,Wind Onshore,0.0,PV,0,0,0,1,0,81.7672084659
441 Wind Onshore,1,192.966587575,Wind Onshore,0.0,PV,0,0,0,1,0,192.966587575
442 Wind Onshore,1,35.2002569935,Wind Onshore,0.0,PV,0,0,0,1,0,35.2002569935
443 Wind Onshore,13,108.220145939,Wind Onshore,0.0,PV,0,0,0,1,0,108.220145939
444 Wind Onshore,13,61.2238159146,Wind Onshore,0.0,PV,0,0,0,1,0,61.2238159146
445 Wind Onshore,9,176.213655222,Wind Onshore,0.0,PV,0,0,0,1,0,176.213655222
446 Wind Onshore,12,234.376272084,Wind Onshore,0.0,PV,0,0,0,1,0,234.376272084
447 Wind Onshore,12,246.029905672,Wind Onshore,0.0,PV,0,0,0,1,0,246.029905672
448 Wind Onshore,9,0.805984486427,Wind Onshore,0.0,PV,0,0,0,1,0,0.805984486427
449 Wind Onshore,0,1.21335617518,Wind Onshore,0.0,PV,0,0,0,1,0,1.21335617518
451 Wind Onshore,9,1.01257029068,Wind Onshore,0.0,PV,0,0,0,1,0,1.01257029068
452 Wind Onshore,11,138.839906457,Wind Onshore,0.0,PV,0,0,0,1,0,138.839906457
453 Wind Onshore,11,109.821439285,Wind Onshore,0.0,PV,0,0,0,1,0,109.821439285
454 Wind Onshore,0,4.66913458007,Wind Onshore,0.0,PV,0,0,0,1,0,4.66913458007
455 Wind Onshore,0,0.124454538855,Wind Onshore,0.0,PV,0,0,0,1,0,0.124454538855
456 Wind Onshore,0,0.673857688536,Wind Onshore,0.0,PV,0,0,0,1,0,0.673857688536
457 Wind Onshore,0,3.4935608962,Wind Onshore,0.0,PV,0,0,0,1,0,3.4935608962
459 Wind Onshore,0,0.928187582185,Wind Onshore,0.0,PV,0,0,0,1,0,0.928187582185
460 Wind Onshore,0,0.213536185243,Wind Onshore,0.0,PV,0,0,0,1,0,0.213536185243
461 Wind Onshore,9,3.73281623771,Wind Onshore,0.0,PV,0,0,0,1,0,3.73281623771
462 Wind Onshore,9,0.521719224928,Wind Onshore,0.0,PV,0,0,0,1,0,0.521719224928
463 Wind Onshore,0,19.3063857702,Wind Onshore,0.0,PV,0,0,0,1,0,19.3063857702
464 Wind Onshore,0,1.37650939265,Wind Onshore,0.0,PV,0,0,0,1,0,1.37650939265
465 Wind Onshore,0,1.0778860584,Wind Onshore,0.0,PV,0,0,0,1,0,1.0778860584
466 Wind Onshore,0,0.073776456668,Wind Onshore,0.0,PV,0,0,0,1,0,0.073776456668
467 Wind Onshore,0,0.0261115323765,Wind Onshore,0.0,PV,0,0,0,1,0,0.0261115323765
468 Wind Onshore,0,25.0845450748,Wind Onshore,0.0,PV,0,0,0,1,0,25.0845450748
469 Wind Onshore,0,2.77964085133,Wind Onshore,0.0,PV,0,0,0,1,0,2.77964085133
470 Wind Onshore,9,17.8681570236,Wind Onshore,0.0,PV,0,0,0,1,0,17.8681570236
471 Wind Onshore,0,1.29719736092,Wind Onshore,0.0,PV,0,0,0,1,0,1.29719736092
472 Wind Onshore,9,89.339497458,Wind Onshore,0.0,PV,0,0,0,1,0,89.339497458
473 Wind Onshore,9,26.3289024862,Wind Onshore,0.0,PV,0,0,0,1,0,26.3289024862
474 Wind Onshore,3,119.651672188,Wind Onshore,0.0,PV,0,0,0,1,0,119.651672188
475 Wind Onshore,3,134.800517856,Wind Onshore,0.0,PV,0,0,0,1,0,134.800517856
476 Wind Onshore,9,29.5508022611,Wind Onshore,0.0,PV,0,0,0,1,0,29.5508022611
477 Wind Onshore,9,10.763986748,Wind Onshore,0.0,PV,0,0,0,1,0,10.763986748
478 Wind Onshore,9,0.211614489114,Wind Onshore,0.0,PV,0,0,0,1,0,0.211614489114
479 Wind Onshore,3,41.0786982606,Wind Onshore,0.0,PV,0,0,0,1,0,41.0786982606
480 Wind Onshore,3,12.0197862477,Wind Onshore,0.0,PV,0,0,0,1,0,12.0197862477
481 Wind Onshore,3,37.466518157,Wind Onshore,0.0,PV,0,0,0,1,0,37.466518157
482 Wind Onshore,3,39.3953665018,Wind Onshore,0.0,PV,0,0,0,1,0,39.3953665018
483 Wind Onshore,2,5.98760147471,Wind Onshore,0.0,PV,0,0,0,1,0,5.98760147471
484 Wind Onshore,2,5.67979087386,Wind Onshore,0.0,PV,0,0,0,1,0,5.67979087386
485 Wind Onshore,2,25.9924891673,Wind Onshore,0.0,PV,0,0,0,1,0,25.9924891673
486 Wind Onshore,2,7.45450093216,Wind Onshore,0.0,PV,0,0,0,1,0,7.45450093216
487 Wind Onshore,2,7.95800152789,Wind Onshore,0.0,PV,0,0,0,1,0,7.95800152789
488 Wind Onshore,4,0.00131066478912,Wind Onshore,0.0,PV,0,0,0,1,0,0.00131066478912
489 Wind Onshore,3,88.2646125587,Wind Onshore,0.0,PV,0,0,0,1,0,88.2646125587
490 Wind Onshore,3,33.260903116,Wind Onshore,0.0,PV,0,0,0,1,0,33.260903116
491 Wind Onshore,2,1.39975698126,Wind Onshore,0.0,PV,0,0,0,1,0,1.39975698126
492 Wind Onshore,4,6.97236853525,Wind Onshore,0.0,PV,0,0,0,1,0,6.97236853525
493 Wind Onshore,4,4.73049465924,Wind Onshore,0.0,PV,0,0,0,1,0,4.73049465924
494 Wind Onshore,4,1.93101668749,Wind Onshore,0.0,PV,0,0,0,1,0,1.93101668749
495 Wind Onshore,6,219.092115221,Wind Onshore,0.0,PV,0,0,0,1,0,219.092115221
2_220kV Wind Onshore,3,21.3664022656,Wind Onshore,0.0,PV,0,0,0,1,0,21.3664022656
5_220kV Wind Onshore,3,68.762601706,Wind Onshore,0.0,PV,0,0,0,1,0,68.762601706
10_220kV Wind Onshore,5,480.698670974,Wind Onshore,0.0,PV,0,0,0,1,0,480.698670974
12_220kV Wind Onshore,5,334.885742705,Wind Onshore,0.0,PV,0,0,0,1,0,334.885742705
13_220kV Wind Onshore,8,13.279826168,Wind Onshore,0.0,PV,0,0,0,1,0,13.279826168
15_220kV Wind Onshore,8,0.0342484524703,Wind Onshore,0.0,PV,0,0,0,1,0,0.0342484524703
18_220kV Wind Onshore,12,227.66202248,Wind Onshore,0.0,PV,0,0,0,1,0,227.66202248
20_220kV Wind Onshore,6,12.0589307388,Wind Onshore,0.0,PV,0,0,0,1,0,12.0589307388
22_220kV Wind Onshore,6,1289.24118792,Wind Onshore,0.0,PV,0,0,0,1,0,1289.24118792
24_220kV Wind Onshore,6,99.4400143411,Wind Onshore,0.0,PV,0,0,0,1,0,99.4400143411
26_220kV Wind Onshore,6,86.7132172475,Wind Onshore,0.0,PV,0,0,0,1,0,86.7132172475
30_220kV Wind Onshore,6,98.4341164973,Wind Onshore,0.0,PV,0,0,0,1,0,98.4341164973
32_220kV Wind Onshore,1,238.321957679,Wind Onshore,0.0,PV,0,0,0,1,0,238.321957679
37_220kV Wind Onshore,1,392.815157911,Wind Onshore,0.0,PV,0,0,0,1,0,392.815157911
42_220kV Wind Onshore,12,99.1031638333,Wind Onshore,0.0,PV,0,0,0,1,0,99.1031638333
46_220kV Wind Onshore,5,0.833608678014,Wind Onshore,0.0,PV,0,0,0,1,0,0.833608678014
52_220kV Wind Onshore,4,0.171578405746,Wind Onshore,0.0,PV,0,0,0,1,0,0.171578405746
56_220kV Wind Onshore,4,0.715522464707,Wind Onshore,0.0,PV,0,0,0,1,0,0.715522464707
61_220kV Wind Onshore,13,103.00507623,Wind Onshore,0.0,PV,0,0,0,1,0,103.00507623
68_220kV Wind Onshore,4,8.98169605456,Wind Onshore,0.0,PV,0,0,0,1,0,8.98169605456
69_220kV Wind Onshore,4,25.0367994661,Wind Onshore,0.0,PV,0,0,0,1,0,25.0367994661
74_220kV Wind Onshore,5,758.547933152,Wind Onshore,0.0,PV,0,0,0,1,0,758.547933152
78_220kV Wind Onshore,1,89.4774107804,Wind Onshore,0.0,PV,0,0,0,1,0,89.4774107804
86_220kV Wind Onshore,9,7.52357781345,Wind Onshore,0.0,PV,0,0,0,1,0,7.52357781345
87_220kV Wind Onshore,0,95.4376729474,Wind Onshore,0.0,PV,0,0,0,1,0,95.4376729474
94_220kV Wind Onshore,13,59.2568089536,Wind Onshore,0.0,PV,0,0,0,1,0,59.2568089536
95_220kV Wind Onshore,9,68.1988383832,Wind Onshore,0.0,PV,0,0,0,1,0,68.1988383832
96_220kV Wind Onshore,9,24.0689205783,Wind Onshore,0.0,PV,0,0,0,1,0,24.0689205783
99_220kV Wind Onshore,11,64.9377498058,Wind Onshore,0.0,PV,0,0,0,1,0,64.9377498058
100_220kV Wind Onshore,11,155.126607127,Wind Onshore,0.0,PV,0,0,0,1,0,155.126607127
104_220kV Wind Onshore,0,0.654438393951,Wind Onshore,0.0,PV,0,0,0,1,0,0.654438393951
105_220kV Wind Onshore,0,50.0548224713,Wind Onshore,0.0,PV,0,0,0,1,0,50.0548224713
106_220kV Wind Onshore,0,2.00267243918,Wind Onshore,0.0,PV,0,0,0,1,0,2.00267243918
107_220kV Wind Onshore,0,0.246199309224,Wind Onshore,0.0,PV,0,0,0,1,0,0.246199309224
117_220kV Wind Onshore,0,5.30905864691,Wind Onshore,0.0,PV,0,0,0,1,0,5.30905864691
120_220kV Wind Onshore,9,101.498472549,Wind Onshore,0.0,PV,0,0,0,1,0,101.498472549
123_220kV Wind Onshore,0,17.9517371195,Wind Onshore,0.0,PV,0,0,0,1,0,17.9517371195
124_220kV Wind Onshore,0,2.40268588876,Wind Onshore,0.0,PV,0,0,0,1,0,2.40268588876
125_220kV Wind Onshore,0,0.711206857594,Wind Onshore,0.0,PV,0,0,0,1,0,0.711206857594
128_220kV Wind Onshore,11,218.884211419,Wind Onshore,0.0,PV,0,0,0,1,0,218.884211419
129_220kV Wind Onshore,0,5.2999386857,Wind Onshore,0.0,PV,0,0,0,1,0,5.2999386857
138_220kV Wind Onshore,0,5.68501661608,Wind Onshore,0.0,PV,0,0,0,1,0,5.68501661608
143_220kV Wind Onshore,9,2.09615495407,Wind Onshore,0.0,PV,0,0,0,1,0,2.09615495407
156_220kV Wind Onshore,0,23.7891713059,Wind Onshore,0.0,PV,0,0,0,1,0,23.7891713059
157_220kV Wind Onshore,9,65.0074668763,Wind Onshore,0.0,PV,0,0,0,1,0,65.0074668763
159_220kV Wind Onshore,13,78.9652647132,Wind Onshore,0.0,PV,0,0,0,1,0,78.9652647132
160_220kV Wind Onshore,13,159.165074052,Wind Onshore,0.0,PV,0,0,0,1,0,159.165074052
165_220kV Wind Onshore,9,11.9801821685,Wind Onshore,0.0,PV,0,0,0,1,0,11.9801821685
184_220kV Wind Onshore,0,8.36260839263,Wind Onshore,0.0,PV,0,0,0,1,0,8.36260839263
191_220kV Wind Onshore,0,1.39894761524,Wind Onshore,0.0,PV,0,0,0,1,0,1.39894761524
195_220kV Wind Onshore,0,0.390879959804,Wind Onshore,0.0,PV,0,0,0,1,0,0.390879959804
201_220kV Wind Onshore,6,250.480113476,Wind Onshore,0.0,PV,0,0,0,1,0,250.480113476
220_220kV Wind Onshore,3,12.1229743482,Wind Onshore,0.0,PV,0,0,0,1,0,12.1229743482
231_220kV Wind Onshore,7,0.0358333813701,Wind Onshore,0.0,PV,0,0,0,1,0,0.0358333813701
232_220kV Wind Onshore,2,5.59260608432,Wind Onshore,0.0,PV,0,0,0,1,0,5.59260608432
233_220kV Wind Onshore,2,18.681964382,Wind Onshore,0.0,PV,0,0,0,1,0,18.681964382
236_220kV Wind Onshore,4,0.0531461245219,Wind Onshore,0.0,PV,0,0,0,1,0,0.0531461245219
247_220kV Wind Onshore,2,17.5108302983,Wind Onshore,0.0,PV,0,0,0,1,0,17.5108302983
248_220kV Wind Onshore,9,3.59964866908,Wind Onshore,0.0,PV,0,0,0,1,0,3.59964866908
250_220kV Wind Onshore,9,0.0299096483521,Wind Onshore,0.0,PV,0,0,0,1,0,0.0299096483521
251_220kV Wind Onshore,9,0.563547347789,Wind Onshore,0.0,PV,0,0,0,1,0,0.563547347789
252_220kV Wind Onshore,9,2.89934039102,Wind Onshore,0.0,PV,0,0,0,1,0,2.89934039102
261_220kV Wind Onshore,4,1.14291745916,Wind Onshore,0.0,PV,0,0,0,1,0,1.14291745916
264_220kV Wind Onshore,2,5.56985592836,Wind Onshore,0.0,PV,0,0,0,1,0,5.56985592836
267_220kV Wind Onshore,0,0.118937830652,Wind Onshore,0.0,PV,0,0,0,1,0,0.118937830652
272_220kV Wind Onshore,6,782.463701225,Wind Onshore,0.0,PV,0,0,0,1,0,782.463701225
279_220kV Wind Onshore,1,84.6228380201,Wind Onshore,0.0,PV,0,0,0,1,0,84.6228380201
281_220kV Wind Onshore,1,229.927503412,Wind Onshore,0.0,PV,0,0,0,1,0,229.927503412
282_220kV Wind Onshore,1,83.5571752494,Wind Onshore,0.0,PV,0,0,0,1,0,83.5571752494
292_220kV Wind Onshore,1,404.486732631,Wind Onshore,0.0,PV,0,0,0,1,0,404.486732631
303_220kV Wind Onshore,3,66.9207172853,Wind Onshore,0.0,PV,0,0,0,1,0,66.9207172853
307_220kV Wind Onshore,4,0.000282085714083,Wind Onshore,0.0,PV,0,0,0,1,0,0.000282085714083
308_220kV Wind Onshore,10,89.0700055742,Wind Onshore,0.0,PV,0,0,0,1,0,89.0700055742
312_220kV Wind Onshore,2,105.800801794,Wind Onshore,0.0,PV,0,0,0,1,0,105.800801794
315_220kV Wind Onshore,2,2.28667590888,Wind Onshore,0.0,PV,0,0,0,1,0,2.28667590888
317_220kV Wind Onshore,2,0.15481733758,Wind Onshore,0.0,PV,0,0,0,1,0,0.15481733758
322_220kV Wind Onshore,7,8.16533291814,Wind Onshore,0.0,PV,0,0,0,1,0,8.16533291814
332_220kV Wind Onshore,8,0.938928397166,Wind Onshore,0.0,PV,0,0,0,1,0,0.938928397166
334_220kV Wind Onshore,10,45.9721869349,Wind Onshore,0.0,PV,0,0,0,1,0,45.9721869349
336_220kV Wind Onshore,10,188.822835863,Wind Onshore,0.0,PV,0,0,0,1,0,188.822835863
338_220kV Wind Onshore,8,26.7659131433,Wind Onshore,0.0,PV,0,0,0,1,0,26.7659131433
351_220kV Wind Onshore,8,56.406717084,Wind Onshore,0.0,PV,0,0,0,1,0,56.406717084
353_220kV Wind Onshore,8,15.4380419165,Wind Onshore,0.0,PV,0,0,0,1,0,15.4380419165
360_220kV Wind Onshore,11,0.065259330574,Wind Onshore,0.0,PV,0,0,0,1,0,0.065259330574
362_220kV Wind Onshore,7,0.0051931708536,Wind Onshore,0.0,PV,0,0,0,1,0,0.0051931708536
382_220kV Wind Onshore,10,107.008141438,Wind Onshore,0.0,PV,0,0,0,1,0,107.008141438
384_220kV Wind Onshore,10,155.221920322,Wind Onshore,0.0,PV,0,0,0,1,0,155.221920322
385_220kV Wind Onshore,4,64.1300521047,Wind Onshore,0.0,PV,0,0,0,1,0,64.1300521047
391_220kV Wind Onshore,4,23.0517859404,Wind Onshore,0.0,PV,0,0,0,1,0,23.0517859404
403_220kV Wind Onshore,7,0.0277114755375,Wind Onshore,0.0,PV,0,0,0,1,0,0.0277114755375
404_220kV Wind Onshore,7,0.00632964140695,Wind Onshore,0.0,PV,0,0,0,1,0,0.00632964140695
413_220kV Wind Onshore,4,0.0288099331934,Wind Onshore,0.0,PV,0,0,0,1,0,0.0288099331934
421_220kV Wind Onshore,4,1.28680397051,Wind Onshore,0.0,PV,0,0,0,1,0,1.28680397051
450_220kV Wind Onshore,9,0.670542049842,Wind Onshore,0.0,PV,0,0,0,1,0,0.670542049842
458_220kV Wind Onshore,9,0.0465395074554,Wind Onshore,0.0,PV,0,0,0,1,0,0.0465395074554
1 Solar,3,79.6742560609,Solar,0.0,PV,0,0,0,1,0,79.6742560609
3 Solar,3,31.1791155392,Solar,0.0,PV,0,0,0,1,0,31.1791155392
4 Solar,3,40.212665684,Solar,0.0,PV,0,0,0,1,0,40.212665684
6 Solar,3,20.3045209459,Solar,0.0,PV,0,0,0,1,0,20.3045209459
7 Solar,3,26.1592506043,Solar,0.0,PV,0,0,0,1,0,26.1592506043
8 Solar,6,68.4254026128,Solar,0.0,PV,0,0,0,1,0,68.4254026128
9 Solar,6,44.4785577653,Solar,0.0,PV,0,0,0,1,0,44.4785577653
11 Solar,5,103.998682344,Solar,0.0,PV,0,0,0,1,0,103.998682344
14 Solar,8,41.3867255852,Solar,0.0,PV,0,0,0,1,0,41.3867255852
16 Solar,3,84.3780121085,Solar,0.0,PV,0,0,0,1,0,84.3780121085
17 Solar,5,79.0551550636,Solar,0.0,PV,0,0,0,1,0,79.0551550636
19 Solar,2,183.821408516,Solar,0.0,PV,0,0,0,1,0,183.821408516
21 Solar,6,37.3790334569,Solar,0.0,PV,0,0,0,1,0,37.3790334569
23 Solar,6,37.369338741,Solar,0.0,PV,0,0,0,1,0,37.369338741
25 Solar,6,29.5166073047,Solar,0.0,PV,0,0,0,1,0,29.5166073047
27 Solar,6,8.93177879641,Solar,0.0,PV,0,0,0,1,0,8.93177879641
28 Solar,6,39.2614503805,Solar,0.0,PV,0,0,0,1,0,39.2614503805
29 Solar,6,99.7401656585,Solar,0.0,PV,0,0,0,1,0,99.7401656585
31 Solar,3,130.774402129,Solar,0.0,PV,0,0,0,1,0,130.774402129
33 Solar,10,201.766962889,Solar,0.0,PV,0,0,0,1,0,201.766962889
34 Solar,13,4.16018945038,Solar,0.0,PV,0,0,0,1,0,4.16018945038
35 Solar,13,3.42991713565,Solar,0.0,PV,0,0,0,1,0,3.42991713565
36 Solar,13,50.2879465505,Solar,0.0,PV,0,0,0,1,0,50.2879465505
38 Solar,5,14.7886688836,Solar,0.0,PV,0,0,0,1,0,14.7886688836
39 Solar,1,121.437125869,Solar,0.0,PV,0,0,0,1,0,121.437125869
40 Solar,12,185.545127919,Solar,0.0,PV,0,0,0,1,0,185.545127919
41 Solar,12,255.443429575,Solar,0.0,PV,0,0,0,1,0,255.443429575
43 Solar,1,362.597919288,Solar,0.0,PV,0,0,0,1,0,362.597919288
44 Solar,5,21.273778898,Solar,0.0,PV,0,0,0,1,0,21.273778898
45 Solar,5,77.0174857744,Solar,0.0,PV,0,0,0,1,0,77.0174857744
47 Solar,5,5.21471479441,Solar,0.0,PV,0,0,0,1,0,5.21471479441
48 Solar,5,9.57649096897,Solar,0.0,PV,0,0,0,1,0,9.57649096897
49 Solar,1,54.0354709189,Solar,0.0,PV,0,0,0,1,0,54.0354709189
50 Solar,1,92.4802821362,Solar,0.0,PV,0,0,0,1,0,92.4802821362
51 Solar,3,155.333413197,Solar,0.0,PV,0,0,0,1,0,155.333413197
53 Solar,7,103.86577437,Solar,0.0,PV,0,0,0,1,0,103.86577437
54 Solar,4,40.3763462646,Solar,0.0,PV,0,0,0,1,0,40.3763462646
55 Solar,4,25.9902423186,Solar,0.0,PV,0,0,0,1,0,25.9902423186
57 Solar,4,24.6223726015,Solar,0.0,PV,0,0,0,1,0,24.6223726015
58 Solar,4,112.609207037,Solar,0.0,PV,0,0,0,1,0,112.609207037
59 Solar,13,86.3959417736,Solar,0.0,PV,0,0,0,1,0,86.3959417736
60 Solar,13,19.1273788624,Solar,0.0,PV,0,0,0,1,0,19.1273788624
62 Solar,13,61.8883512149,Solar,0.0,PV,0,0,0,1,0,61.8883512149
63 Solar,7,106.233906737,Solar,0.0,PV,0,0,0,1,0,106.233906737
64 Solar,8,58.2728200809,Solar,0.0,PV,0,0,0,1,0,58.2728200809
65 Solar,1,12.8393796824,Solar,0.0,PV,0,0,0,1,0,12.8393796824
66 Solar,8,358.676350566,Solar,0.0,PV,0,0,0,1,0,358.676350566
67 Solar,13,29.5317709447,Solar,0.0,PV,0,0,0,1,0,29.5317709447
70 Solar,4,89.3005966177,Solar,0.0,PV,0,0,0,1,0,89.3005966177
71 Solar,1,328.718571189,Solar,0.0,PV,0,0,0,1,0,328.718571189
72 Solar,1,243.241909161,Solar,0.0,PV,0,0,0,1,0,243.241909161
73 Solar,5,203.443402523,Solar,0.0,PV,0,0,0,1,0,203.443402523
75 Solar,1,232.127956348,Solar,0.0,PV,0,0,0,1,0,232.127956348
76 Solar,3,80.4037717732,Solar,0.0,PV,0,0,0,1,0,80.4037717732
77 Solar,3,144.715972126,Solar,0.0,PV,0,0,0,1,0,144.715972126
79 Solar,5,153.606375759,Solar,0.0,PV,0,0,0,1,0,153.606375759
80 Solar,5,34.2620170352,Solar,0.0,PV,0,0,0,1,0,34.2620170352
81 Solar,5,217.054487558,Solar,0.0,PV,0,0,0,1,0,217.054487558
82 Solar,13,16.3482224843,Solar,0.0,PV,0,0,0,1,0,16.3482224843
83 Solar,6,35.1643325868,Solar,0.0,PV,0,0,0,1,0,35.1643325868
84 Solar,6,21.8924923001,Solar,0.0,PV,0,0,0,1,0,21.8924923001
85 Solar,9,156.277964167,Solar,0.0,PV,0,0,0,1,0,156.277964167
88 Solar,0,8.1510919734,Solar,0.0,PV,0,0,0,1,0,8.1510919734
89 Solar,0,1.79196759744,Solar,0.0,PV,0,0,0,1,0,1.79196759744
90 Solar,9,81.2499299671,Solar,0.0,PV,0,0,0,1,0,81.2499299671
91 Solar,9,3.68518233687,Solar,0.0,PV,0,0,0,1,0,3.68518233687
92 Solar,9,61.3154903889,Solar,0.0,PV,0,0,0,1,0,61.3154903889
93 Solar,13,191.635296053,Solar,0.0,PV,0,0,0,1,0,191.635296053
97 Solar,8,59.4243426049,Solar,0.0,PV,0,0,0,1,0,59.4243426049
98 Solar,12,48.5382676619,Solar,0.0,PV,0,0,0,1,0,48.5382676619
101 Solar,12,119.077524519,Solar,0.0,PV,0,0,0,1,0,119.077524519
102 Solar,12,142.844699621,Solar,0.0,PV,0,0,0,1,0,142.844699621
103 Solar,0,9.84236066,Solar,0.0,PV,0,0,0,1,0,9.84236066
108 Solar,0,7.18318255245,Solar,0.0,PV,0,0,0,1,0,7.18318255245
109 Solar,9,9.5608896996,Solar,0.0,PV,0,0,0,1,0,9.5608896996
110 Solar,9,54.7900098014,Solar,0.0,PV,0,0,0,1,0,54.7900098014
111 Solar,9,138.730049031,Solar,0.0,PV,0,0,0,1,0,138.730049031
112 Solar,9,2.85898664312,Solar,0.0,PV,0,0,0,1,0,2.85898664312
113 Solar,0,4.79549373064,Solar,0.0,PV,0,0,0,1,0,4.79549373064
114 Solar,9,86.7035713777,Solar,0.0,PV,0,0,0,1,0,86.7035713777
115 Solar,0,25.3565007917,Solar,0.0,PV,0,0,0,1,0,25.3565007917
116 Solar,0,7.64365313712,Solar,0.0,PV,0,0,0,1,0,7.64365313712
118 Solar,0,45.6581688249,Solar,0.0,PV,0,0,0,1,0,45.6581688249
119 Solar,0,26.209248478,Solar,0.0,PV,0,0,0,1,0,26.209248478
121 Solar,0,16.3630315106,Solar,0.0,PV,0,0,0,1,0,16.3630315106
122 Solar,0,43.4771775464,Solar,0.0,PV,0,0,0,1,0,43.4771775464
126 Solar,0,42.0249070995,Solar,0.0,PV,0,0,0,1,0,42.0249070995
127 Solar,0,19.3952363453,Solar,0.0,PV,0,0,0,1,0,19.3952363453
130 Solar,0,19.4912494116,Solar,0.0,PV,0,0,0,1,0,19.4912494116
131 Solar,0,6.05227179856,Solar,0.0,PV,0,0,0,1,0,6.05227179856
132 Solar,0,18.5716563093,Solar,0.0,PV,0,0,0,1,0,18.5716563093
133 Solar,0,6.42055374372,Solar,0.0,PV,0,0,0,1,0,6.42055374372
134 Solar,0,10.8112029419,Solar,0.0,PV,0,0,0,1,0,10.8112029419
135 Solar,9,27.9762174524,Solar,0.0,PV,0,0,0,1,0,27.9762174524
136 Solar,9,28.1838273805,Solar,0.0,PV,0,0,0,1,0,28.1838273805
137 Solar,0,193.234776211,Solar,0.0,PV,0,0,0,1,0,193.234776211
139 Solar,0,6.86558614609,Solar,0.0,PV,0,0,0,1,0,6.86558614609
140 Solar,9,10.6310697811,Solar,0.0,PV,0,0,0,1,0,10.6310697811
141 Solar,9,4.92036804098,Solar,0.0,PV,0,0,0,1,0,4.92036804098
142 Solar,0,6.68963671768,Solar,0.0,PV,0,0,0,1,0,6.68963671768
144 Solar,0,1.91202440048,Solar,0.0,PV,0,0,0,1,0,1.91202440048
145 Solar,0,8.05638783349,Solar,0.0,PV,0,0,0,1,0,8.05638783349
146 Solar,0,5.69359712972,Solar,0.0,PV,0,0,0,1,0,5.69359712972
147 Solar,9,20.7171111431,Solar,0.0,PV,0,0,0,1,0,20.7171111431
148 Solar,0,8.93845403313,Solar,0.0,PV,0,0,0,1,0,8.93845403313
149 Solar,0,65.1824653363,Solar,0.0,PV,0,0,0,1,0,65.1824653363
150 Solar,0,11.8788620772,Solar,0.0,PV,0,0,0,1,0,11.8788620772
151 Solar,0,10.1964958266,Solar,0.0,PV,0,0,0,1,0,10.1964958266
152 Solar,0,66.6139926948,Solar,0.0,PV,0,0,0,1,0,66.6139926948
153 Solar,0,121.671046677,Solar,0.0,PV,0,0,0,1,0,121.671046677
154 Solar,0,12.4525836658,Solar,0.0,PV,0,0,0,1,0,12.4525836658
155 Solar,9,32.4862488557,Solar,0.0,PV,0,0,0,1,0,32.4862488557
158 Solar,0,25.8748930976,Solar,0.0,PV,0,0,0,1,0,25.8748930976
161 Solar,13,67.4333290023,Solar,0.0,PV,0,0,0,1,0,67.4333290023
162 Solar,0,9.64304372622,Solar,0.0,PV,0,0,0,1,0,9.64304372622
163 Solar,0,19.1661348612,Solar,0.0,PV,0,0,0,1,0,19.1661348612
164 Solar,9,25.1814057028,Solar,0.0,PV,0,0,0,1,0,25.1814057028
166 Solar,9,29.114828087,Solar,0.0,PV,0,0,0,1,0,29.114828087
167 Solar,9,12.1621880467,Solar,0.0,PV,0,0,0,1,0,12.1621880467
168 Solar,0,29.1835928188,Solar,0.0,PV,0,0,0,1,0,29.1835928188
169 Solar,0,2.23765189247,Solar,0.0,PV,0,0,0,1,0,2.23765189247
170 Solar,0,5.02370478794,Solar,0.0,PV,0,0,0,1,0,5.02370478794
171 Solar,0,11.7306227274,Solar,0.0,PV,0,0,0,1,0,11.7306227274
172 Solar,0,3.41768401337,Solar,0.0,PV,0,0,0,1,0,3.41768401337
173 Solar,0,11.7659600244,Solar,0.0,PV,0,0,0,1,0,11.7659600244
174 Solar,0,11.1448823949,Solar,0.0,PV,0,0,0,1,0,11.1448823949
175 Solar,0,3.73270979541,Solar,0.0,PV,0,0,0,1,0,3.73270979541
176 Solar,0,17.4348273992,Solar,0.0,PV,0,0,0,1,0,17.4348273992
177 Solar,12,109.345623408,Solar,0.0,PV,0,0,0,1,0,109.345623408
178 Solar,9,23.4815557252,Solar,0.0,PV,0,0,0,1,0,23.4815557252
179 Solar,5,176.928964154,Solar,0.0,PV,0,0,0,1,0,176.928964154
180 Solar,5,161.276649117,Solar,0.0,PV,0,0,0,1,0,161.276649117
181 Solar,5,84.0705616914,Solar,0.0,PV,0,0,0,1,0,84.0705616914
182 Solar,5,18.431240768,Solar,0.0,PV,0,0,0,1,0,18.431240768
183 Solar,6,47.5302099481,Solar,0.0,PV,0,0,0,1,0,47.5302099481
185 Solar,0,10.7907104783,Solar,0.0,PV,0,0,0,1,0,10.7907104783
186 Solar,0,2.68010525828,Solar,0.0,PV,0,0,0,1,0,2.68010525828
187 Solar,0,5.63130043544,Solar,0.0,PV,0,0,0,1,0,5.63130043544
188 Solar,0,1.87938058935,Solar,0.0,PV,0,0,0,1,0,1.87938058935
189 Solar,7,91.7766704254,Solar,0.0,PV,0,0,0,1,0,91.7766704254
190 Solar,7,186.94217135,Solar,0.0,PV,0,0,0,1,0,186.94217135
192 Solar,12,138.604086709,Solar,0.0,PV,0,0,0,1,0,138.604086709
193 Solar,0,3.04032494127,Solar,0.0,PV,0,0,0,1,0,3.04032494127
194 Solar,0,1.60064915912,Solar,0.0,PV,0,0,0,1,0,1.60064915912
196 Solar,0,1.57820666119,Solar,0.0,PV,0,0,0,1,0,1.57820666119
197 Solar,0,48.6597169142,Solar,0.0,PV,0,0,0,1,0,48.6597169142
198 Solar,9,2.87787743383,Solar,0.0,PV,0,0,0,1,0,2.87787743383
199 Solar,9,5.22728175119,Solar,0.0,PV,0,0,0,1,0,5.22728175119
200 Solar,0,3.92704342258,Solar,0.0,PV,0,0,0,1,0,3.92704342258
202 Solar,9,72.6779347262,Solar,0.0,PV,0,0,0,1,0,72.6779347262
203 Solar,0,111.043024571,Solar,0.0,PV,0,0,0,1,0,111.043024571
204 Solar,9,62.4049705273,Solar,0.0,PV,0,0,0,1,0,62.4049705273
205 Solar,9,10.5799252948,Solar,0.0,PV,0,0,0,1,0,10.5799252948
206 Solar,0,4.09103357811,Solar,0.0,PV,0,0,0,1,0,4.09103357811
207 Solar,9,47.970380957,Solar,0.0,PV,0,0,0,1,0,47.970380957
208 Solar,9,31.23366266,Solar,0.0,PV,0,0,0,1,0,31.23366266
209 Solar,3,83.1733681904,Solar,0.0,PV,0,0,0,1,0,83.1733681904
210 Solar,3,13.8872934732,Solar,0.0,PV,0,0,0,1,0,13.8872934732
211 Solar,11,226.804107757,Solar,0.0,PV,0,0,0,1,0,226.804107757
212 Solar,11,71.3804125043,Solar,0.0,PV,0,0,0,1,0,71.3804125043
213 Solar,4,52.1481022426,Solar,0.0,PV,0,0,0,1,0,52.1481022426
214 Solar,4,17.3006198894,Solar,0.0,PV,0,0,0,1,0,17.3006198894
215 Solar,4,39.8924684097,Solar,0.0,PV,0,0,0,1,0,39.8924684097
216 Solar,4,9.18976482456,Solar,0.0,PV,0,0,0,1,0,9.18976482456
217 Solar,12,40.5756460295,Solar,0.0,PV,0,0,0,1,0,40.5756460295
218 Solar,12,74.9224344102,Solar,0.0,PV,0,0,0,1,0,74.9224344102
219 Solar,3,81.0354832754,Solar,0.0,PV,0,0,0,1,0,81.0354832754
221 Solar,13,112.018080105,Solar,0.0,PV,0,0,0,1,0,112.018080105
222 Solar,13,18.1587294633,Solar,0.0,PV,0,0,0,1,0,18.1587294633
223 Solar,4,116.696893662,Solar,0.0,PV,0,0,0,1,0,116.696893662
224 Solar,4,116.477465463,Solar,0.0,PV,0,0,0,1,0,116.477465463
225 Solar,11,228.386530018,Solar,0.0,PV,0,0,0,1,0,228.386530018
226 Solar,3,26.5015733691,Solar,0.0,PV,0,0,0,1,0,26.5015733691
227 Solar,2,86.2365746488,Solar,0.0,PV,0,0,0,1,0,86.2365746488
228 Solar,4,53.6568323407,Solar,0.0,PV,0,0,0,1,0,53.6568323407
229 Solar,4,23.1327737351,Solar,0.0,PV,0,0,0,1,0,23.1327737351
230 Solar,2,53.342089814,Solar,0.0,PV,0,0,0,1,0,53.342089814
234 Solar,7,136.821485252,Solar,0.0,PV,0,0,0,1,0,136.821485252
235 Solar,7,25.6063102247,Solar,0.0,PV,0,0,0,1,0,25.6063102247
237 Solar,11,5.35610593423,Solar,0.0,PV,0,0,0,1,0,5.35610593423
238 Solar,11,55.8258151624,Solar,0.0,PV,0,0,0,1,0,55.8258151624
239 Solar,11,37.2971956496,Solar,0.0,PV,0,0,0,1,0,37.2971956496
240 Solar,4,25.1498061516,Solar,0.0,PV,0,0,0,1,0,25.1498061516
241 Solar,4,48.5877681047,Solar,0.0,PV,0,0,0,1,0,48.5877681047
242 Solar,4,127.647586328,Solar,0.0,PV,0,0,0,1,0,127.647586328
245 Solar,4,52.0517875922,Solar,0.0,PV,0,0,0,1,0,52.0517875922
246 Solar,4,6.76177981575,Solar,0.0,PV,0,0,0,1,0,6.76177981575
249 Solar,9,11.7078004149,Solar,0.0,PV,0,0,0,1,0,11.7078004149
253 Solar,9,26.2886918355,Solar,0.0,PV,0,0,0,1,0,26.2886918355
254 Solar,11,226.257418351,Solar,0.0,PV,0,0,0,1,0,226.257418351
255 Solar,11,183.631946845,Solar,0.0,PV,0,0,0,1,0,183.631946845
256 Solar,11,7.21385449034,Solar,0.0,PV,0,0,0,1,0,7.21385449034
257 Solar,4,75.6388526054,Solar,0.0,PV,0,0,0,1,0,75.6388526054
258 Solar,3,90.7750732185,Solar,0.0,PV,0,0,0,1,0,90.7750732185
259 Solar,3,42.3125380802,Solar,0.0,PV,0,0,0,1,0,42.3125380802
260 Solar,4,155.279397297,Solar,0.0,PV,0,0,0,1,0,155.279397297
262 Solar,2,156.979011577,Solar,0.0,PV,0,0,0,1,0,156.979011577
265 Solar,9,82.9282512593,Solar,0.0,PV,0,0,0,1,0,82.9282512593
266 Solar,8,301.614349192,Solar,0.0,PV,0,0,0,1,0,301.614349192
268 Solar,9,19.4889665285,Solar,0.0,PV,0,0,0,1,0,19.4889665285
269 Solar,9,54.0671688866,Solar,0.0,PV,0,0,0,1,0,54.0671688866
270 Solar,13,82.1519469094,Solar,0.0,PV,0,0,0,1,0,82.1519469094
271 Solar,13,21.3295659833,Solar,0.0,PV,0,0,0,1,0,21.3295659833
273 Solar,6,2.85527347592,Solar,0.0,PV,0,0,0,1,0,2.85527347592
274 Solar,6,36.2687832585,Solar,0.0,PV,0,0,0,1,0,36.2687832585
275 Solar,11,55.7508443105,Solar,0.0,PV,0,0,0,1,0,55.7508443105
276 Solar,11,84.3085014161,Solar,0.0,PV,0,0,0,1,0,84.3085014161
277 Solar,13,0.456443333038,Solar,0.0,PV,0,0,0,1,0,0.456443333038
278 Solar,1,65.2833137834,Solar,0.0,PV,0,0,0,1,0,65.2833137834
280 Solar,5,220.758669251,Solar,0.0,PV,0,0,0,1,0,220.758669251
283 Solar,4,51.3671639748,Solar,0.0,PV,0,0,0,1,0,51.3671639748
284 Solar,4,151.902129991,Solar,0.0,PV,0,0,0,1,0,151.902129991
285 Solar,13,383.858473404,Solar,0.0,PV,0,0,0,1,0,383.858473404
286 Solar,3,60.6556523832,Solar,0.0,PV,0,0,0,1,0,60.6556523832
287 Solar,9,77.3752768096,Solar,0.0,PV,0,0,0,1,0,77.3752768096
288 Solar,7,153.887449491,Solar,0.0,PV,0,0,0,1,0,153.887449491
289 Solar,9,89.4394256267,Solar,0.0,PV,0,0,0,1,0,89.4394256267
290 Solar,5,194.473407228,Solar,0.0,PV,0,0,0,1,0,194.473407228
291 Solar,5,116.049525596,Solar,0.0,PV,0,0,0,1,0,116.049525596
293 Solar,10,33.5259472314,Solar,0.0,PV,0,0,0,1,0,33.5259472314
294 Solar,10,66.6389544354,Solar,0.0,PV,0,0,0,1,0,66.6389544354
295 Solar,3,35.869318087,Solar,0.0,PV,0,0,0,1,0,35.869318087
296 Solar,3,25.6191621951,Solar,0.0,PV,0,0,0,1,0,25.6191621951
297 Solar,3,0.986841253211,Solar,0.0,PV,0,0,0,1,0,0.986841253211
298 Solar,3,3.77532544167,Solar,0.0,PV,0,0,0,1,0,3.77532544167
299 Solar,3,31.2155911865,Solar,0.0,PV,0,0,0,1,0,31.2155911865
300 Solar,13,172.123236393,Solar,0.0,PV,0,0,0,1,0,172.123236393
301 Solar,3,25.9637060018,Solar,0.0,PV,0,0,0,1,0,25.9637060018
302 Solar,3,67.2193133171,Solar,0.0,PV,0,0,0,1,0,67.2193133171
304 Solar,10,218.703564343,Solar,0.0,PV,0,0,0,1,0,218.703564343
305 Solar,4,22.1918482816,Solar,0.0,PV,0,0,0,1,0,22.1918482816
306 Solar,4,18.4162831018,Solar,0.0,PV,0,0,0,1,0,18.4162831018
309 Solar,4,136.190504425,Solar,0.0,PV,0,0,0,1,0,136.190504425
310 Solar,4,79.2700055257,Solar,0.0,PV,0,0,0,1,0,79.2700055257
311 Solar,4,408.37422005,Solar,0.0,PV,0,0,0,1,0,408.37422005
313 Solar,1,46.2770010595,Solar,0.0,PV,0,0,0,1,0,46.2770010595
314 Solar,2,93.8077865618,Solar,0.0,PV,0,0,0,1,0,93.8077865618
316 Solar,2,197.087429677,Solar,0.0,PV,0,0,0,1,0,197.087429677
318 Solar,2,311.473266956,Solar,0.0,PV,0,0,0,1,0,311.473266956
319 Solar,2,156.546089273,Solar,0.0,PV,0,0,0,1,0,156.546089273
320 Solar,4,114.687410687,Solar,0.0,PV,0,0,0,1,0,114.687410687
321 Solar,7,48.4439464501,Solar,0.0,PV,0,0,0,1,0,48.4439464501
323 Solar,1,107.077621671,Solar,0.0,PV,0,0,0,1,0,107.077621671
324 Solar,5,90.1366736759,Solar,0.0,PV,0,0,0,1,0,90.1366736759
325 Solar,5,21.9947694651,Solar,0.0,PV,0,0,0,1,0,21.9947694651
326 Solar,5,112.249862957,Solar,0.0,PV,0,0,0,1,0,112.249862957
327 Solar,5,99.8112078997,Solar,0.0,PV,0,0,0,1,0,99.8112078997
328 Solar,8,95.5908999584,Solar,0.0,PV,0,0,0,1,0,95.5908999584
329 Solar,8,159.818571632,Solar,0.0,PV,0,0,0,1,0,159.818571632
330 Solar,8,235.581664439,Solar,0.0,PV,0,0,0,1,0,235.581664439
331 Solar,8,479.248155829,Solar,0.0,PV,0,0,0,1,0,479.248155829
333 Solar,6,276.640075051,Solar,0.0,PV,0,0,0,1,0,276.640075051
335 Solar,10,272.215344887,Solar,0.0,PV,0,0,0,1,0,272.215344887
337 Solar,8,533.823158688,Solar,0.0,PV,0,0,0,1,0,533.823158688
339 Solar,4,88.5771395366,Solar,0.0,PV,0,0,0,1,0,88.5771395366
340 Solar,1,197.787397172,Solar,0.0,PV,0,0,0,1,0,197.787397172
341 Solar,1,111.203655583,Solar,0.0,PV,0,0,0,1,0,111.203655583
342 Solar,1,199.45798322,Solar,0.0,PV,0,0,0,1,0,199.45798322
343 Solar,10,80.0706265568,Solar,0.0,PV,0,0,0,1,0,80.0706265568
344 Solar,1,78.4850441808,Solar,0.0,PV,0,0,0,1,0,78.4850441808
345 Solar,1,97.8729744075,Solar,0.0,PV,0,0,0,1,0,97.8729744075
346 Solar,5,7.06706321303,Solar,0.0,PV,0,0,0,1,0,7.06706321303
347 Solar,5,9.94901011501,Solar,0.0,PV,0,0,0,1,0,9.94901011501
348 Solar,5,10.7390924222,Solar,0.0,PV,0,0,0,1,0,10.7390924222
349 Solar,8,240.920274276,Solar,0.0,PV,0,0,0,1,0,240.920274276
350 Solar,10,275.412619907,Solar,0.0,PV,0,0,0,1,0,275.412619907
352 Solar,8,195.868212622,Solar,0.0,PV,0,0,0,1,0,195.868212622
354 Solar,8,123.060645601,Solar,0.0,PV,0,0,0,1,0,123.060645601
355 Solar,11,9.48628233579,Solar,0.0,PV,0,0,0,1,0,9.48628233579
356 Solar,11,24.0580395312,Solar,0.0,PV,0,0,0,1,0,24.0580395312
357 Solar,11,1.41216689344,Solar,0.0,PV,0,0,0,1,0,1.41216689344
358 Solar,11,1.17103382504,Solar,0.0,PV,0,0,0,1,0,1.17103382504
359 Solar,11,8.91430562005,Solar,0.0,PV,0,0,0,1,0,8.91430562005
361 Solar,11,41.7228166946,Solar,0.0,PV,0,0,0,1,0,41.7228166946
363 Solar,9,6.61764092982,Solar,0.0,PV,0,0,0,1,0,6.61764092982
364 Solar,0,3.33585971783,Solar,0.0,PV,0,0,0,1,0,3.33585971783
365 Solar,5,10.4345225167,Solar,0.0,PV,0,0,0,1,0,10.4345225167
366 Solar,4,63.4117651656,Solar,0.0,PV,0,0,0,1,0,63.4117651656
367 Solar,4,14.8357577621,Solar,0.0,PV,0,0,0,1,0,14.8357577621
368 Solar,7,51.1022503929,Solar,0.0,PV,0,0,0,1,0,51.1022503929
369 Solar,6,79.2867662718,Solar,0.0,PV,0,0,0,1,0,79.2867662718
370 Solar,11,21.0067488094,Solar,0.0,PV,0,0,0,1,0,21.0067488094
371 Solar,11,11.3051921841,Solar,0.0,PV,0,0,0,1,0,11.3051921841
372 Solar,11,15.1825713303,Solar,0.0,PV,0,0,0,1,0,15.1825713303
373 Solar,8,399.133201245,Solar,0.0,PV,0,0,0,1,0,399.133201245
374 Solar,9,23.2049103442,Solar,0.0,PV,0,0,0,1,0,23.2049103442
375 Solar,4,21.4693567656,Solar,0.0,PV,0,0,0,1,0,21.4693567656
376 Solar,3,28.1564825237,Solar,0.0,PV,0,0,0,1,0,28.1564825237
377 Solar,2,118.262711802,Solar,0.0,PV,0,0,0,1,0,118.262711802
378 Solar,4,33.0312281458,Solar,0.0,PV,0,0,0,1,0,33.0312281458
379 Solar,4,74.1394082622,Solar,0.0,PV,0,0,0,1,0,74.1394082622
380 Solar,3,53.4082985092,Solar,0.0,PV,0,0,0,1,0,53.4082985092
381 Solar,4,47.3452596402,Solar,0.0,PV,0,0,0,1,0,47.3452596402
383 Solar,10,180.894957129,Solar,0.0,PV,0,0,0,1,0,180.894957129
386 Solar,3,62.5726417247,Solar,0.0,PV,0,0,0,1,0,62.5726417247
387 Solar,3,61.9531425507,Solar,0.0,PV,0,0,0,1,0,61.9531425507
388 Solar,3,30.4451691568,Solar,0.0,PV,0,0,0,1,0,30.4451691568
389 Solar,4,280.614896696,Solar,0.0,PV,0,0,0,1,0,280.614896696
390 Solar,10,173.515675268,Solar,0.0,PV,0,0,0,1,0,173.515675268
392 Solar,0,1.5383477261,Solar,0.0,PV,0,0,0,1,0,1.5383477261
393 Solar,2,79.7135796057,Solar,0.0,PV,0,0,0,1,0,79.7135796057
394 Solar,2,196.679379837,Solar,0.0,PV,0,0,0,1,0,196.679379837
395 Solar,2,170.831583767,Solar,0.0,PV,0,0,0,1,0,170.831583767
396 Solar,2,131.456153348,Solar,0.0,PV,0,0,0,1,0,131.456153348
397 Solar,4,56.5650540612,Solar,0.0,PV,0,0,0,1,0,56.5650540612
398 Solar,6,81.5919504805,Solar,0.0,PV,0,0,0,1,0,81.5919504805
399 Solar,4,74.1012522785,Solar,0.0,PV,0,0,0,1,0,74.1012522785
400 Solar,3,30.3035516899,Solar,0.0,PV,0,0,0,1,0,30.3035516899
401 Solar,6,43.2989213414,Solar,0.0,PV,0,0,0,1,0,43.2989213414
402 Solar,6,69.2632549986,Solar,0.0,PV,0,0,0,1,0,69.2632549986
405 Solar,7,27.7247677283,Solar,0.0,PV,0,0,0,1,0,27.7247677283
406 Solar,7,69.8900097171,Solar,0.0,PV,0,0,0,1,0,69.8900097171
409 Solar,4,26.5606245666,Solar,0.0,PV,0,0,0,1,0,26.5606245666
410 Solar,2,81.3619621142,Solar,0.0,PV,0,0,0,1,0,81.3619621142
411 Solar,3,102.529569026,Solar,0.0,PV,0,0,0,1,0,102.529569026
412 Solar,6,109.809789706,Solar,0.0,PV,0,0,0,1,0,109.809789706
414 Solar,6,6.41796892856,Solar,0.0,PV,0,0,0,1,0,6.41796892856
415 Solar,6,12.6293305345,Solar,0.0,PV,0,0,0,1,0,12.6293305345
416 Solar,7,25.5809127568,Solar,0.0,PV,0,0,0,1,0,25.5809127568
417 Solar,8,183.749132895,Solar,0.0,PV,0,0,0,1,0,183.749132895
418 Solar,8,132.975197331,Solar,0.0,PV,0,0,0,1,0,132.975197331
422 Solar,4,22.9826318392,Solar,0.0,PV,0,0,0,1,0,22.9826318392
423 Solar,7,7.46863292826,Solar,0.0,PV,0,0,0,1,0,7.46863292826
424 Solar,4,19.2646857571,Solar,0.0,PV,0,0,0,1,0,19.2646857571
425 Solar,3,32.3842943932,Solar,0.0,PV,0,0,0,1,0,32.3842943932
426 Solar,3,31.4360021066,Solar,0.0,PV,0,0,0,1,0,31.4360021066
427 Solar,4,3.74984023399,Solar,0.0,PV,0,0,0,1,0,3.74984023399
428 Solar,5,120.215573965,Solar,0.0,PV,0,0,0,1,0,120.215573965
429 Solar,0,9.51469636955,Solar,0.0,PV,0,0,0,1,0,9.51469636955
430 Solar,0,37.6190969078,Solar,0.0,PV,0,0,0,1,0,37.6190969078
431 Solar,0,48.5405800132,Solar,0.0,PV,0,0,0,1,0,48.5405800132
432 Solar,2,7.95644447902,Solar,0.0,PV,0,0,0,1,0,7.95644447902
433 Solar,2,37.6069157472,Solar,0.0,PV,0,0,0,1,0,37.6069157472
434 Solar,2,30.1167105203,Solar,0.0,PV,0,0,0,1,0,30.1167105203
435 Solar,5,2.24116723731,Solar,0.0,PV,0,0,0,1,0,2.24116723731
436 Solar,7,121.687485113,Solar,0.0,PV,0,0,0,1,0,121.687485113
437 Solar,7,63.6543584058,Solar,0.0,PV,0,0,0,1,0,63.6543584058
438 Solar,4,41.2295969441,Solar,0.0,PV,0,0,0,1,0,41.2295969441
439 Solar,4,27.3744152868,Solar,0.0,PV,0,0,0,1,0,27.3744152868
440 Solar,6,25.3943741814,Solar,0.0,PV,0,0,0,1,0,25.3943741814
441 Solar,1,84.1636035878,Solar,0.0,PV,0,0,0,1,0,84.1636035878
442 Solar,1,26.86114381,Solar,0.0,PV,0,0,0,1,0,26.86114381
443 Solar,13,32.5128258133,Solar,0.0,PV,0,0,0,1,0,32.5128258133
444 Solar,13,30.0637291945,Solar,0.0,PV,0,0,0,1,0,30.0637291945
445 Solar,9,138.236316083,Solar,0.0,PV,0,0,0,1,0,138.236316083
446 Solar,12,68.0977716531,Solar,0.0,PV,0,0,0,1,0,68.0977716531
447 Solar,12,98.2891409367,Solar,0.0,PV,0,0,0,1,0,98.2891409367
448 Solar,9,2.04128815414,Solar,0.0,PV,0,0,0,1,0,2.04128815414
449 Solar,0,6.45337371893,Solar,0.0,PV,0,0,0,1,0,6.45337371893
451 Solar,9,2.75944832878,Solar,0.0,PV,0,0,0,1,0,2.75944832878
452 Solar,11,54.5646653518,Solar,0.0,PV,0,0,0,1,0,54.5646653518
453 Solar,11,52.6484439662,Solar,0.0,PV,0,0,0,1,0,52.6484439662
454 Solar,0,1.68385355098,Solar,0.0,PV,0,0,0,1,0,1.68385355098
455 Solar,0,9.02528346733,Solar,0.0,PV,0,0,0,1,0,9.02528346733
456 Solar,0,3.55441515269,Solar,0.0,PV,0,0,0,1,0,3.55441515269
457 Solar,0,7.83757575517,Solar,0.0,PV,0,0,0,1,0,7.83757575517
459 Solar,0,4.93667191188,Solar,0.0,PV,0,0,0,1,0,4.93667191188
460 Solar,0,1.13571664617,Solar,0.0,PV,0,0,0,1,0,1.13571664617
461 Solar,9,8.37432949145,Solar,0.0,PV,0,0,0,1,0,8.37432949145
462 Solar,9,1.75288097417,Solar,0.0,PV,0,0,0,1,0,1.75288097417
463 Solar,0,38.4674700625,Solar,0.0,PV,0,0,0,1,0,38.4674700625
464 Solar,0,4.53579937256,Solar,0.0,PV,0,0,0,1,0,4.53579937256
465 Solar,0,5.12064063763,Solar,0.0,PV,0,0,0,1,0,5.12064063763
466 Solar,0,6.94095668978,Solar,0.0,PV,0,0,0,1,0,6.94095668978
467 Solar,0,5.86546800139,Solar,0.0,PV,0,0,0,1,0,5.86546800139
468 Solar,0,47.5101752353,Solar,0.0,PV,0,0,0,1,0,47.5101752353
469 Solar,0,5.25539819324,Solar,0.0,PV,0,0,0,1,0,5.25539819324
470 Solar,9,16.9376711255,Solar,0.0,PV,0,0,0,1,0,16.9376711255
471 Solar,0,4.14121117669,Solar,0.0,PV,0,0,0,1,0,4.14121117669
472 Solar,9,91.3351836439,Solar,0.0,PV,0,0,0,1,0,91.3351836439
473 Solar,9,24.8426974,Solar,0.0,PV,0,0,0,1,0,24.8426974
474 Solar,3,30.8363184682,Solar,0.0,PV,0,0,0,1,0,30.8363184682
475 Solar,3,38.1469896962,Solar,0.0,PV,0,0,0,1,0,38.1469896962
476 Solar,9,46.5682001194,Solar,0.0,PV,0,0,0,1,0,46.5682001194
477 Solar,9,31.3475721608,Solar,0.0,PV,0,0,0,1,0,31.3475721608
478 Solar,9,0.14062786392,Solar,0.0,PV,0,0,0,1,0,0.14062786392
479 Solar,3,45.2572344968,Solar,0.0,PV,0,0,0,1,0,45.2572344968
480 Solar,3,14.824594689,Solar,0.0,PV,0,0,0,1,0,14.824594689
481 Solar,3,18.2704986262,Solar,0.0,PV,0,0,0,1,0,18.2704986262
482 Solar,3,12.0004959782,Solar,0.0,PV,0,0,0,1,0,12.0004959782
483 Solar,2,78.1145093775,Solar,0.0,PV,0,0,0,1,0,78.1145093775
484 Solar,2,133.539659181,Solar,0.0,PV,0,0,0,1,0,133.539659181
485 Solar,2,281.819662447,Solar,0.0,PV,0,0,0,1,0,281.819662447
486 Solar,2,135.492385271,Solar,0.0,PV,0,0,0,1,0,135.492385271
487 Solar,2,79.1844275783,Solar,0.0,PV,0,0,0,1,0,79.1844275783
488 Solar,4,9.16060720929,Solar,0.0,PV,0,0,0,1,0,9.16060720929
489 Solar,3,72.3565226403,Solar,0.0,PV,0,0,0,1,0,72.3565226403
490 Solar,3,28.8936368193,Solar,0.0,PV,0,0,0,1,0,28.8936368193
491 Solar,2,50.4778661943,Solar,0.0,PV,0,0,0,1,0,50.4778661943
492 Solar,4,32.8746763897,Solar,0.0,PV,0,0,0,1,0,32.8746763897
493 Solar,4,20.2594855058,Solar,0.0,PV,0,0,0,1,0,20.2594855058
494 Solar,4,8.18979902657,Solar,0.0,PV,0,0,0,1,0,8.18979902657
495 Solar,6,101.236915064,Solar,0.0,PV,0,0,0,1,0,101.236915064
2_220kV Solar,3,6.78252247482,Solar,0.0,PV,0,0,0,1,0,6.78252247482
5_220kV Solar,3,15.9445613219,Solar,0.0,PV,0,0,0,1,0,15.9445613219
10_220kV Solar,5,159.570248092,Solar,0.0,PV,0,0,0,1,0,159.570248092
12_220kV Solar,5,277.793547711,Solar,0.0,PV,0,0,0,1,0,277.793547711
13_220kV Solar,8,186.387377279,Solar,0.0,PV,0,0,0,1,0,186.387377279
15_220kV Solar,8,120.486097306,Solar,0.0,PV,0,0,0,1,0,120.486097306
18_220kV Solar,12,61.1612999846,Solar,0.0,PV,0,0,0,1,0,61.1612999846
20_220kV Solar,6,9.95471989703,Solar,0.0,PV,0,0,0,1,0,9.95471989703
22_220kV Solar,6,230.400934825,Solar,0.0,PV,0,0,0,1,0,230.400934825
24_220kV Solar,6,66.1161367928,Solar,0.0,PV,0,0,0,1,0,66.1161367928
26_220kV Solar,6,21.8361627105,Solar,0.0,PV,0,0,0,1,0,21.8361627105
30_220kV Solar,6,36.5183261461,Solar,0.0,PV,0,0,0,1,0,36.5183261461
32_220kV Solar,1,135.324360757,Solar,0.0,PV,0,0,0,1,0,135.324360757
37_220kV Solar,1,96.6101777695,Solar,0.0,PV,0,0,0,1,0,96.6101777695
42_220kV Solar,12,65.6688094022,Solar,0.0,PV,0,0,0,1,0,65.6688094022
46_220kV Solar,5,1.50988418606,Solar,0.0,PV,0,0,0,1,0,1.50988418606
52_220kV Solar,4,4.80483205253,Solar,0.0,PV,0,0,0,1,0,4.80483205253
56_220kV Solar,4,11.0049726358,Solar,0.0,PV,0,0,0,1,0,11.0049726358
61_220kV Solar,13,38.0755601028,Solar,0.0,PV,0,0,0,1,0,38.0755601028
68_220kV Solar,4,46.7223785366,Solar,0.0,PV,0,0,0,1,0,46.7223785366
69_220kV Solar,4,44.2391882093,Solar,0.0,PV,0,0,0,1,0,44.2391882093
74_220kV Solar,5,383.418198179,Solar,0.0,PV,0,0,0,1,0,383.418198179
78_220kV Solar,1,62.3356431164,Solar,0.0,PV,0,0,0,1,0,62.3356431164
86_220kV Solar,9,6.00797041814,Solar,0.0,PV,0,0,0,1,0,6.00797041814
87_220kV Solar,0,134.60573289,Solar,0.0,PV,0,0,0,1,0,134.60573289
94_220kV Solar,13,89.4256193232,Solar,0.0,PV,0,0,0,1,0,89.4256193232
95_220kV Solar,9,103.003683059,Solar,0.0,PV,0,0,0,1,0,103.003683059
96_220kV Solar,9,18.9808285849,Solar,0.0,PV,0,0,0,1,0,18.9808285849
99_220kV Solar,11,104.495096936,Solar,0.0,PV,0,0,0,1,0,104.495096936
100_220kV Solar,11,70.7548700462,Solar,0.0,PV,0,0,0,1,0,70.7548700462
104_220kV Solar,0,3.65255829765,Solar,0.0,PV,0,0,0,1,0,3.65255829765
105_220kV Solar,0,93.133764568,Solar,0.0,PV,0,0,0,1,0,93.133764568
106_220kV Solar,0,10.6514426275,Solar,0.0,PV,0,0,0,1,0,10.6514426275
107_220kV Solar,0,1.30943921024,Solar,0.0,PV,0,0,0,1,0,1.30943921024
117_220kV Solar,0,17.9962458899,Solar,0.0,PV,0,0,0,1,0,17.9962458899
120_220kV Solar,9,83.0754127741,Solar,0.0,PV,0,0,0,1,0,83.0754127741
123_220kV Solar,0,10.1932288932,Solar,0.0,PV,0,0,0,1,0,10.1932288932
124_220kV Solar,0,0.866492729284,Solar,0.0,PV,0,0,0,1,0,0.866492729284
125_220kV Solar,0,7.9175966632,Solar,0.0,PV,0,0,0,1,0,7.9175966632
128_220kV Solar,11,67.7239512483,Solar,0.0,PV,0,0,0,1,0,67.7239512483
129_220kV Solar,0,8.92855603065,Solar,0.0,PV,0,0,0,1,0,8.92855603065
138_220kV Solar,0,12.7268921642,Solar,0.0,PV,0,0,0,1,0,12.7268921642
143_220kV Solar,9,6.62525480382,Solar,0.0,PV,0,0,0,1,0,6.62525480382
156_220kV Solar,0,38.7248883709,Solar,0.0,PV,0,0,0,1,0,38.7248883709
157_220kV Solar,9,131.682322011,Solar,0.0,PV,0,0,0,1,0,131.682322011
159_220kV Solar,13,59.7917587743,Solar,0.0,PV,0,0,0,1,0,59.7917587743
160_220kV Solar,13,35.9869279893,Solar,0.0,PV,0,0,0,1,0,35.9869279893
165_220kV Solar,9,13.5798950324,Solar,0.0,PV,0,0,0,1,0,13.5798950324
184_220kV Solar,0,17.8414810649,Solar,0.0,PV,0,0,0,1,0,17.8414810649
191_220kV Solar,0,3.15017898174,Solar,0.0,PV,0,0,0,1,0,3.15017898174
195_220kV Solar,0,0.731379679998,Solar,0.0,PV,0,0,0,1,0,0.731379679998
201_220kV Solar,6,66.5941206082,Solar,0.0,PV,0,0,0,1,0,66.5941206082
220_220kV Solar,3,18.7854907646,Solar,0.0,PV,0,0,0,1,0,18.7854907646
231_220kV Solar,7,2.67419933099,Solar,0.0,PV,0,0,0,1,0,2.67419933099
232_220kV Solar,2,99.0742349063,Solar,0.0,PV,0,0,0,1,0,99.0742349063
233_220kV Solar,2,201.733891319,Solar,0.0,PV,0,0,0,1,0,201.733891319
236_220kV Solar,4,15.0481177122,Solar,0.0,PV,0,0,0,1,0,15.0481177122
247_220kV Solar,2,236.871780957,Solar,0.0,PV,0,0,0,1,0,236.871780957
248_220kV Solar,9,14.4044085501,Solar,0.0,PV,0,0,0,1,0,14.4044085501
250_220kV Solar,9,0.0283784055798,Solar,0.0,PV,0,0,0,1,0,0.0283784055798
251_220kV Solar,9,0.534696196047,Solar,0.0,PV,0,0,0,1,0,0.534696196047
252_220kV Solar,9,2.75090688335,Solar,0.0,PV,0,0,0,1,0,2.75090688335
261_220kV Solar,4,81.9291796662,Solar,0.0,PV,0,0,0,1,0,81.9291796662
263_220kV Solar,2,2.17499037282,Solar,0.0,PV,0,0,0,1,0,2.17499037282
264_220kV Solar,2,226.383636562,Solar,0.0,PV,0,0,0,1,0,226.383636562
267_220kV Solar,0,1.33159165748,Solar,0.0,PV,0,0,0,1,0,1.33159165748
272_220kV Solar,6,189.722791697,Solar,0.0,PV,0,0,0,1,0,189.722791697
279_220kV Solar,1,100.619409992,Solar,0.0,PV,0,0,0,1,0,100.619409992
281_220kV Solar,1,144.682716774,Solar,0.0,PV,0,0,0,1,0,144.682716774
282_220kV Solar,1,134.937779598,Solar,0.0,PV,0,0,0,1,0,134.937779598
292_220kV Solar,1,155.990147453,Solar,0.0,PV,0,0,0,1,0,155.990147453
303_220kV Solar,3,94.4706110276,Solar,0.0,PV,0,0,0,1,0,94.4706110276
307_220kV Solar,4,41.9758348816,Solar,0.0,PV,0,0,0,1,0,41.9758348816
308_220kV Solar,10,298.346979291,Solar,0.0,PV,0,0,0,1,0,298.346979291
312_220kV Solar,2,393.914066526,Solar,0.0,PV,0,0,0,1,0,393.914066526
315_220kV Solar,2,251.944938615,Solar,0.0,PV,0,0,0,1,0,251.944938615
317_220kV Solar,2,10.3782881081,Solar,0.0,PV,0,0,0,1,0,10.3782881081
322_220kV Solar,7,50.3514256534,Solar,0.0,PV,0,0,0,1,0,50.3514256534
332_220kV Solar,8,849.576943945,Solar,0.0,PV,0,0,0,1,0,849.576943945
334_220kV Solar,10,233.477991242,Solar,0.0,PV,0,0,0,1,0,233.477991242
336_220kV Solar,10,242.698642978,Solar,0.0,PV,0,0,0,1,0,242.698642978
338_220kV Solar,8,255.834575646,Solar,0.0,PV,0,0,0,1,0,255.834575646
351_220kV Solar,8,262.446697862,Solar,0.0,PV,0,0,0,1,0,262.446697862
353_220kV Solar,8,91.306831625,Solar,0.0,PV,0,0,0,1,0,91.306831625
360_220kV Solar,11,26.5925612809,Solar,0.0,PV,0,0,0,1,0,26.5925612809
362_220kV Solar,7,12.1265109683,Solar,0.0,PV,0,0,0,1,0,12.1265109683
382_220kV Solar,10,199.184531465,Solar,0.0,PV,0,0,0,1,0,199.184531465
384_220kV Solar,10,579.835050797,Solar,0.0,PV,0,0,0,1,0,579.835050797
385_220kV Solar,4,122.315702959,Solar,0.0,PV,0,0,0,1,0,122.315702959
391_220kV Solar,4,30.6064358953,Solar,0.0,PV,0,0,0,1,0,30.6064358953
403_220kV Solar,7,23.6450711466,Solar,0.0,PV,0,0,0,1,0,23.6450711466
404_220kV Solar,7,17.7333803642,Solar,0.0,PV,0,0,0,1,0,17.7333803642
413_220kV Solar,4,72.0714562574,Solar,0.0,PV,0,0,0,1,0,72.0714562574
421_220kV Solar,4,59.6608875033,Solar,0.0,PV,0,0,0,1,0,59.6608875033
450_220kV Solar,9,1.68150652412,Solar,0.0,PV,0,0,0,1,0,1.68150652412
458_220kV Solar,9,0.116706305643,Solar,0.0,PV,0,0,0,1,0,0.116706305643
